source,file_id,progress,health_pct,weight,life_scale
evtol,VAH01,0.0,100.0,1.0,922.2503791221565
evtol,VAH01,0.0,100.0,1.0,922.2503791221565
evtol,VAH01,0.05421521219388652,85.50964214340844,1.0,922.2503791221565
evtol,VAH01,0.10843042438777303,75.13722821609356,1.0,922.2503791221565
evtol,VAH01,0.16264563658165956,68.21506318749243,1.0,922.2503791221565
evtol,VAH01,0.21686084877554607,56.53185178665382,1.0,922.2503791221565
evtol,VAH01,0.2710760609694326,52.11319274993066,1.0,922.2503791221565
evtol,VAH01,0.32529127316331913,52.11319274993066,1.0,922.2503791221565
evtol,VAH01,0.3795064853572056,47.18124499397078,1.0,922.2503791221565
evtol,VAH01,0.43372169755109213,40.29077973038973,1.0,922.2503791221565
evtol,VAH01,0.48793690974497866,39.0493021185992,1.0,922.2503791221565
evtol,VAH01,0.5421521219388652,31.136237486343106,1.0,922.2503791221565
evtol,VAH01,0.5963673341327517,31.136237486343106,1.0,922.2503791221565
evtol,VAH01,0.6505825463266383,27.860675472816894,1.0,922.2503791221565
evtol,VAH01,0.7047977585205247,24.062978050363526,1.0,922.2503791221565
evtol,VAH01,0.7590129707144112,19.153398062175526,1.0,922.2503791221565
evtol,VAH01,0.8132281829082978,12.257719373882523,1.0,922.2503791221565
evtol,VAH01,0.8674433951021843,12.257719373882523,1.0,922.2503791221565
evtol,VAH02,0.0,100.0,1.0,767.2551428001677
evtol,VAH02,0.0,100.0,1.0,767.2551428001677
evtol,VAH02,0.06516737029291252,83.77660987649087,1.0,767.2551428001677
evtol,VAH02,0.13033474058582503,73.30502705738887,1.0,767.2551428001677
evtol,VAH02,0.19550211087873753,64.94023840556878,1.0,767.2551428001677
evtol,VAH02,0.26066948117165006,51.15830552061702,1.0,767.2551428001677
evtol,VAH02,0.3258368514645626,43.23893841266205,1.0,767.2551428001677
evtol,VAH02,0.39100422175747507,43.23893841266205,1.0,767.2551428001677
evtol,VAH02,0.4561715920503876,40.276433757712695,1.0,767.2551428001677
evtol,VAH02,0.5213389623433001,34.910780696634234,1.0,767.2551428001677
evtol,VAH02,0.5865063326362127,30.97421844890199,1.0,767.2551428001677
evtol,VAH02,0.6516737029291252,21.50764865344165,1.0,767.2551428001677
evtol,VAH02,0.7168410732220377,21.50764865344165,1.0,767.2551428001677
evtol,VAH02,0.7820084435149501,16.233198124148345,1.0,767.2551428001677
evtol,VAH05,0.0,100.0,1.0,1180.0
evtol,VAH05,0.0,100.0,1.0,1180.0
evtol,VAH05,0.0423728813559322,87.26328402010466,1.0,1180.0
evtol,VAH05,0.0847457627118644,78.4128233531677,1.0,1180.0
evtol,VAH05,0.1271186440677966,70.72439805967761,1.0,1180.0
evtol,VAH05,0.1694915254237288,60.285188887381196,1.0,1180.0
evtol,VAH05,0.211864406779661,55.67599251829712,1.0,1180.0
evtol,VAH05,0.2542372881355932,55.67599251829712,1.0,1180.0
evtol,VAH05,0.2966101694915254,51.59009691551616,1.0,1180.0
evtol,VAH05,0.3389830508474576,47.49522976190676,1.0,1180.0
evtol,VAH05,0.3813559322033898,43.54643591436627,1.0,1180.0
evtol,VAH05,0.423728813559322,35.019045730438805,1.0,1180.0
evtol,VAH05,0.4661016949152542,35.019045730438805,1.0,1180.0
evtol,VAH05,0.5084745762711864,33.212954666248535,1.0,1180.0
evtol,VAH05,0.5508474576271186,30.768607025575317,1.0,1180.0
evtol,VAH05,0.5932203389830508,26.446755556104335,1.0,1180.0
evtol,VAH05,0.635593220338983,21.459244250375136,1.0,1180.0
evtol,VAH05,0.6779661016949152,21.459244250375136,1.0,1180.0
evtol,VAH05,0.7203389830508474,18.250301526592807,1.0,1180.0
evtol,VAH05,0.7627118644067796,15.708522247377914,1.0,1180.0
evtol,VAH05,0.8050847457627118,10.734925694924442,1.0,1180.0
evtol,VAH05,0.8728813559322034,6.583196947163401,1.0,1180.0
evtol,VAH05,0.9152542372881356,6.114796320776108,1.0,1180.0
evtol,VAH05,0.9576271186440678,1.7692034362716669,1.0,1180.0
evtol,VAH05,1.0,0.0,1.0,1180.0
evtol,VAH05,1.0,0.0,1.0,1180.0
evtol,VAH05,1.0,0.0,1.0,1180.0
evtol,VAH05,1.0,0.0,1.0,1180.0
evtol,VAH05,1.0,0.0,1.0,1180.0
evtol,VAH05,1.0,0.0,1.0,1180.0
evtol,VAH06,0.0,100.0,1.0,917.7978563611078
evtol,VAH06,0.0,100.0,1.0,917.7978563611078
evtol,VAH06,0.05447822704472245,86.32178609084903,1.0,917.7978563611078
evtol,VAH06,0.1089564540894449,75.82278213281491,1.0,917.7978563611078
evtol,VAH06,0.16343468113416737,69.37792723688517,1.0,917.7978563611078
evtol,VAH06,0.2179129081788898,55.94301252702252,1.0,917.7978563611078
evtol,VAH06,0.27239113522361225,52.33743998270825,1.0,917.7978563611078
evtol,VAH06,0.32686936226833474,52.33743998270825,1.0,917.7978563611078
evtol,VAH06,0.3813475893130572,45.69681901312158,1.0,917.7978563611078
evtol,VAH06,0.4358258163577796,42.137128391072736,1.0,917.7978563611078
evtol,VAH06,0.4903040434025021,38.51172065693014,1.0,917.7978563611078
evtol,VAH06,0.5447822704472245,27.02471961322317,1.0,917.7978563611078
evtol,VAH06,0.599260497491947,27.02471961322317,1.0,917.7978563611078
evtol,VAH06,0.6537387245366695,25.086996283395422,1.0,917.7978563611078
evtol,VAH06,0.7082169515813919,22.558565532507586,1.0,917.7978563611078
evtol,VAH06,0.7626951786261144,19.49968993337329,1.0,917.7978563611078
evtol,VAH06,0.8171734056708368,14.310913791327096,1.0,917.7978563611078
evtol,VAH06,0.8324273092433591,14.310913791327096,1.0,917.7978563611078
evtol,VAH06,0.8869055362880816,10.987525223739425,1.0,917.7978563611078
evtol,VAH06,0.941383763332804,3.825968375257247,1.0,917.7978563611078
evtol,VAH07,0.0,100.0,1.0,572.3515331637825
evtol,VAH07,0.0,100.0,1.0,572.3515331637825
evtol,VAH07,0.08735889938761139,87.33851040615235,1.0,572.3515331637825
evtol,VAH07,0.17471779877522278,80.2361828086422,1.0,572.3515331637825
evtol,VAH07,0.2620766981628342,74.35266941350577,1.0,572.3515331637825
evtol,VAH07,0.34943559755044556,63.56969210943333,1.0,572.3515331637825
evtol,VAH09,0.0,100.0,1.0,707.0
evtol,VAH09,0.0,84.14015038245552,1.0,707.0
evtol,VAH09,0.07072135785007072,74.26818726379437,1.0,707.0
evtol,VAH09,0.14144271570014144,66.01419836881924,1.0,707.0
evtol,VAH09,0.21216407355021216,62.6173136978813,1.0,707.0
evtol,VAH09,0.22772277227722773,59.609550358569415,1.0,707.0
evtol,VAH09,0.24328147100424327,57.197030986089956,1.0,707.0
evtol,VAH09,0.25884016973125884,54.824520985110965,1.0,707.0
evtol,VAH09,0.2743988684582744,52.44750035255322,1.0,707.0
evtol,VAH09,0.28995756718529,50.35442016050716,1.0,707.0
evtol,VAH09,0.3055162659123055,48.298787241827625,1.0,707.0
evtol,VAH09,0.32107496463932106,45.20238427628826,1.0,707.0
evtol,VAH09,0.3536067892503536,41.56068437400094,1.0,707.0
evtol,VAH09,0.4243281471004243,36.18845221451657,1.0,707.0
evtol,VAH09,0.49504950495049505,31.778547577934546,1.0,707.0
evtol,VAH09,0.5657708628005658,27.865439182882245,1.0,707.0
evtol,VAH09,0.6364922206506365,23.90329732176326,1.0,707.0
evtol,VAH09,0.7072135785007072,20.880646446857156,1.0,707.0
evtol,VAH09,0.7779349363507779,17.168083197561188,1.0,707.0
evtol,VAH09,0.8486562942008486,13.749120306923501,1.0,707.0
evtol,VAH09,0.9193776520509194,1.0793412134102454,1.0,707.0
evtol,VAH09,1.0,0.0,1.0,707.0
evtol,VAH10,0.0,100.0,1.0,918.0
evtol,VAH10,0.0,84.93890070274482,1.0,918.0
evtol,VAH10,0.054466230936819175,74.87948689943785,1.0,918.0
evtol,VAH10,0.10893246187363835,66.56129370932639,1.0,918.0
evtol,VAH10,0.16339869281045752,59.510430719663034,1.0,918.0
evtol,VAH10,0.2178649237472767,53.36950381695274,1.0,918.0
evtol,VAH10,0.27233115468409586,47.89353284376418,1.0,918.0
evtol,VAH10,0.32679738562091504,43.31763347975851,1.0,918.0
evtol,VAH10,0.3812636165577342,39.56165257659535,1.0,918.0
evtol,VAH10,0.4357298474945534,33.69619354382472,1.0,918.0
evtol,VAH10,0.49019607843137253,29.075330142203768,1.0,918.0
evtol,VAH10,0.5446623093681917,26.097399074118357,1.0,918.0
evtol,VAH10,0.599128540305011,22.01083007777555,1.0,918.0
evtol,VAH10,0.6535947712418301,19.06350371692497,1.0,918.0
evtol,VAH10,0.7080610021786492,16.154693472873802,1.0,918.0
evtol,VAH10,0.7625272331154684,8.760149626659341,1.0,918.0
evtol,VAH10,0.8366013071895425,7.038205959999999,1.0,918.0
evtol,VAH10,0.8910675381263616,4.191760301216547,1.0,918.0
evtol,VAH10,0.9455337690631809,1.7909272241806917,1.0,918.0
evtol,VAH10,1.0,0.0,1.0,918.0
evtol,VAH10,1.0,0.0,1.0,918.0
evtol,VAH10,1.0,0.0,1.0,918.0
evtol,VAH10,1.0,0.0,1.0,918.0
evtol,VAH10,1.0,0.0,1.0,918.0
evtol,VAH10,1.0,0.0,1.0,918.0
evtol,VAH10,1.0,0.0,1.0,918.0
evtol,VAH10,1.0,0.0,1.0,918.0
evtol,VAH10,1.0,0.0,1.0,918.0
evtol,VAH10,1.0,0.0,1.0,918.0
evtol,VAH11,0.0,100.0,1.0,1250.0
evtol,VAH11,0.0,100.0,1.0,1250.0
evtol,VAH11,0.04,88.9033309280201,1.0,1250.0
evtol,VAH11,0.08,81.02251792265278,1.0,1250.0
evtol,VAH11,0.12,74.61267028588416,1.0,1250.0
evtol,VAH11,0.16,63.40049107186502,1.0,1250.0
evtol,VAH11,0.2,59.70285110914788,1.0,1250.0
evtol,VAH11,0.24,59.70285110914788,1.0,1250.0
evtol,VAH11,0.28,53.686506575986925,1.0,1250.0
evtol,VAH11,0.32,49.973352906239086,1.0,1250.0
evtol,VAH11,0.36,46.449238597688236,1.0,1250.0
evtol,VAH11,0.4,40.529909385704954,1.0,1250.0
evtol,VAH11,0.44,40.529909385704954,1.0,1250.0
evtol,VAH11,0.48,36.79901084412968,1.0,1250.0
evtol,VAH11,0.52,33.868975163360275,1.0,1250.0
evtol,VAH11,0.56,31.475444533625353,1.0,1250.0
evtol,VAH11,0.6,16.649066425913475,1.0,1250.0
evtol,VAH11,0.68,14.188288239730298,1.0,1250.0
evtol,VAH11,0.72,12.52352274218218,1.0,1250.0
evtol,VAH11,0.76,9.98056703323904,1.0,1250.0
evtol,VAH11,0.8,7.792970426229502,1.0,1250.0
evtol,VAH11,0.84,5.9148661400733005,1.0,1250.0
evtol,VAH11,0.88,4.742473635745199,1.0,1250.0
evtol,VAH11,0.92,2.4821056432983823,1.0,1250.0
evtol,VAH11,0.96,0.7065343105558242,1.0,1250.0
evtol,VAH11,1.0,0.0,1.0,1250.0
evtol,VAH11,1.0,0.0,1.0,1250.0
evtol,VAH11,1.0,0.0,1.0,1250.0
evtol,VAH11,1.0,0.0,1.0,1250.0
evtol,VAH11,1.0,0.0,1.0,1250.0
evtol,VAH11,1.0,0.0,1.0,1250.0
evtol,VAH11,1.0,0.0,1.0,1250.0
evtol,VAH11,1.0,0.0,1.0,1250.0
evtol,VAH11,1.0,0.0,1.0,1250.0
evtol,VAH11,1.0,0.0,1.0,1250.0
evtol,VAH11,1.0,0.0,1.0,1250.0
evtol,VAH11,1.0,0.0,1.0,1250.0
evtol,VAH11,1.0,0.0,1.0,1250.0
evtol,VAH11,1.0,0.0,1.0,1250.0
evtol,VAH11,1.0,0.0,1.0,1250.0
evtol,VAH11,1.0,0.0,1.0,1250.0
evtol,VAH11,1.0,0.0,1.0,1250.0
evtol,VAH11,1.0,0.0,1.0,1250.0
evtol,VAH11,1.0,0.0,1.0,1250.0
evtol,VAH12,0.0,100.0,1.0,1252.0
evtol,VAH12,0.0,100.0,1.0,1252.0
evtol,VAH12,0.039936102236421724,88.75231680504726,1.0,1252.0
evtol,VAH12,0.07987220447284345,80.31155784017919,1.0,1252.0
evtol,VAH12,0.11980830670926518,73.4070285547363,1.0,1252.0
evtol,VAH12,0.1597444089456869,61.680551935517585,1.0,1252.0
evtol,VAH12,0.19968051118210864,57.883022470978815,1.0,1252.0
evtol,VAH12,0.23961661341853036,57.883022470978815,1.0,1252.0
evtol,VAH12,0.2795527156549521,53.04706088699434,1.0,1252.0
evtol,VAH12,0.3194888178913738,49.80415677696229,1.0,1252.0
evtol,VAH12,0.35942492012779553,45.687653996112374,1.0,1252.0
evtol,VAH12,0.3993610223642173,38.64111541052367,1.0,1252.0
evtol,VAH12,0.43929712460063897,38.64111541052367,1.0,1252.0
evtol,VAH12,0.4792332268370607,35.92868610121897,1.0,1252.0
evtol,VAH12,0.5191693290734825,30.883907060075018,1.0,1252.0
evtol,VAH12,0.5591054313099042,27.84300767545929,1.0,1252.0
evtol,VAH12,0.5990415335463258,27.763645450431444,1.0,1252.0
evtol,VAH12,0.6389776357827476,14.173662212940528,1.0,1252.0
evtol,VAH12,0.6805111821086262,13.380311102962636,1.0,1252.0
evtol,VAH12,0.7204472843450479,11.49246717807543,1.0,1252.0
evtol,VAH12,0.7603833865814696,9.695718917235041,1.0,1252.0
evtol,VAH12,0.8003194888178914,5.3659184417136885,1.0,1252.0
evtol,VAH12,0.8402555910543131,5.531449747429917,1.0,1252.0
evtol,VAH12,0.8801916932907349,1.7323374357977883,1.0,1252.0
evtol,VAH12,0.9201277955271565,1.992256613654959,1.0,1252.0
evtol,VAH12,0.9600638977635783,0.10815200772455569,1.0,1252.0
evtol,VAH12,1.0,0.0,1.0,1252.0
evtol,VAH12,1.0,0.0,1.0,1252.0
evtol,VAH12,1.0,0.0,1.0,1252.0
evtol,VAH12,1.0,0.0,1.0,1252.0
evtol,VAH12,1.0,0.0,1.0,1252.0
evtol,VAH12,1.0,0.0,1.0,1252.0
evtol,VAH12,1.0,0.0,1.0,1252.0
evtol,VAH12,1.0,0.0,1.0,1252.0
evtol,VAH12,1.0,0.0,1.0,1252.0
evtol,VAH12,1.0,0.0,1.0,1252.0
evtol,VAH12,1.0,0.0,1.0,1252.0
evtol,VAH12,1.0,0.0,1.0,1252.0
evtol,VAH12,1.0,0.0,1.0,1252.0
evtol,VAH12,1.0,0.0,1.0,1252.0
evtol,VAH12,1.0,0.0,1.0,1252.0
evtol,VAH12,1.0,0.0,1.0,1252.0
evtol,VAH12,1.0,0.0,1.0,1252.0
evtol,VAH12,1.0,0.0,1.0,1252.0
evtol,VAH12,1.0,0.0,1.0,1252.0
evtol,VAH12,1.0,0.0,1.0,1252.0
evtol,VAH12,1.0,0.0,1.0,1252.0
evtol,VAH13,0.0,100.0,1.0,750.0
evtol,VAH13,0.0,100.0,1.0,750.0
evtol,VAH13,0.06666666666666667,86.58720482740144,1.0,750.0
evtol,VAH13,0.13333333333333333,77.05083150421594,1.0,750.0
evtol,VAH13,0.2,70.75078621792905,1.0,750.0
evtol,VAH13,0.26666666666666666,57.38665958640887,1.0,750.0
evtol,VAH13,0.3333333333333333,54.094038249295544,1.0,750.0
evtol,VAH13,0.4,54.094038249295544,1.0,750.0
evtol,VAH13,0.4666666666666667,49.82443317557788,1.0,750.0
evtol,VAH13,0.5333333333333333,46.162655326607904,1.0,750.0
evtol,VAH13,0.6,41.75224587098512,1.0,750.0
evtol,VAH13,0.6666666666666666,32.542745100238406,1.0,750.0
evtol,VAH13,0.7333333333333333,32.542745100238406,1.0,750.0
evtol,VAH13,0.8,32.02248069156063,1.0,750.0
evtol,VAH13,0.8666666666666667,27.382438243941465,1.0,750.0
evtol,VAH13,0.9333333333333333,25.379273445937756,1.0,750.0
evtol,VAH13,1.0,0.0,1.0,750.0
evtol,VAH13,1.0,1.3459842831478142,1.0,750.0
evtol,VAH13,1.0,0.0,1.0,750.0
evtol,VAH13,1.0,0.0,1.0,750.0
evtol,VAH13,1.0,0.0,1.0,750.0
evtol,VAH15,0.0,100.0,1.0,747.4763270522388
evtol,VAH15,0.0,100.0,1.0,747.4763270522388
evtol,VAH15,0.06689175053500478,84.5537053059806,1.0,747.4763270522388
evtol,VAH15,0.13378350107000955,72.8047736909015,1.0,747.4763270522388
evtol,VAH15,0.20067525160501432,63.75312131992289,1.0,747.4763270522388
evtol,VAH15,0.2675670021400191,49.49691429395813,1.0,747.4763270522388
evtol,VAH15,0.33445875267502384,42.96291270734976,1.0,747.4763270522388
evtol,VAH15,0.40135050321002863,42.96291270734976,1.0,747.4763270522388
evtol,VAH15,0.4682422537450334,36.31490871291007,1.0,747.4763270522388
evtol,VAH15,0.5351340042800382,29.937240436289443,1.0,747.4763270522388
evtol,VAH15,0.602025754815043,26.943414592353395,1.0,747.4763270522388
evtol,VAH16,0.0,100.0,1.0,768.6154549125866
evtol,VAH16,0.0,100.0,1.0,768.6154549125866
evtol,VAH16,0.06505203568367803,84.93625532981312,1.0,768.6154549125866
evtol,VAH16,0.13010407136735605,74.67777828101482,1.0,768.6154549125866
evtol,VAH16,0.19515610705103406,66.27314410502763,1.0,768.6154549125866
evtol,VAH16,0.2602081427347121,51.72395363073356,1.0,768.6154549125866
evtol,VAH16,0.3252601784183901,47.167131099749255,1.0,768.6154549125866
evtol,VAH16,0.3903122141020681,47.167131099749255,1.0,768.6154549125866
evtol,VAH16,0.45536424978574613,39.01703206679997,1.0,768.6154549125866
evtol,VAH16,0.5204162854694242,35.12894910037467,1.0,768.6154549125866
evtol,VAH16,0.5854683211531022,29.535010520482246,1.0,768.6154549125866
evtol,VAH17,0.0,99.99999999999993,1.0,850.0
evtol,VAH17,0.0,99.99999999999993,1.0,850.0
evtol,VAH17,0.058823529411764705,85.60607861306785,1.0,850.0
evtol,VAH17,0.11764705882352941,76.2632910701602,1.0,850.0
evtol,VAH17,0.17647058823529413,67.66997352649376,1.0,850.0
evtol,VAH17,0.23529411764705882,53.76217473544116,1.0,850.0
evtol,VAH17,0.29411764705882354,47.1690432596062,1.0,850.0
evtol,VAH17,0.35294117647058826,47.1690432596062,1.0,850.0
evtol,VAH17,0.4117647058823529,43.37093513387323,1.0,850.0
evtol,VAH17,0.47058823529411764,38.807043174618414,1.0,850.0
evtol,VAH17,0.5294117647058824,34.37887288585081,1.0,850.0
evtol,VAH17,0.5882352941176471,26.565151178933064,1.0,850.0
evtol,VAH17,0.6470588235294118,19.027528075925204,1.0,850.0
evtol,VAH17,0.7058823529411765,17.627818042794843,1.0,850.0
evtol,VAH17,0.7647058823529411,13.84018712546009,1.0,850.0
evtol,VAH17,0.8235294117647058,12.18272267804366,1.0,850.0
evtol,VAH17,0.8823529411764706,9.015159850012537,1.0,850.0
evtol,VAH17,0.9411764705882353,5.139621715651899,1.0,850.0
evtol,VAH17,1.0,0.0,1.0,850.0
evtol,VAH17,1.0,0.0,1.0,850.0
evtol,VAH17,1.0,0.0,1.0,850.0
evtol,VAH20,0.0,100.0,1.0,630.037097073721
evtol,VAH20,0.0,84.25377284455891,1.0,630.037097073721
evtol,VAH20,0.07936040628755146,73.08474416948727,1.0,630.037097073721
evtol,VAH20,0.15872081257510293,64.76305720088597,1.0,630.037097073721
evtol,VAH20,0.23808121886265438,56.351532861930174,1.0,630.037097073721
evtol,VAH20,0.31744162515020585,49.87820228827928,1.0,630.037097073721
evtol,VAH20,0.3968020314377573,42.75450641262459,1.0,630.037097073721
evtol,VAH20,0.47616243772530875,38.31648387640875,1.0,630.037097073721
evtol,VAH20,0.5555228440128602,31.423443377141353,1.0,630.037097073721
evtol,VAH20,0.6348832503004117,25.49908474241093,1.0,630.037097073721
evtol,VAH20,0.7142436565879631,21.69214841295023,1.0,630.037097073721
evtol,VAH20,0.7936040628755145,11.928465961697086,1.0,630.037097073721
evtol,VAH20,0.872964469163066,10.223724070053848,1.0,630.037097073721
evtol,VAH22,0.0,100.0,1.0,645.9816567636772
evtol,VAH22,0.0,83.72121838710498,1.0,645.9816567636772
evtol,VAH22,0.07740157863072536,72.56549726428261,1.0,645.9816567636772
evtol,VAH22,0.15480315726145072,63.337625192534254,1.0,645.9816567636772
evtol,VAH22,0.23220473589217608,54.76024728979794,1.0,645.9816567636772
evtol,VAH22,0.30960631452290144,48.55610822118436,1.0,645.9816567636772
evtol,VAH22,0.3870078931536268,42.38151810989294,1.0,645.9816567636772
evtol,VAH22,0.46440947178435216,36.69232548154355,1.0,645.9816567636772
evtol,VAH22,0.5418110504150775,30.298807284796613,1.0,645.9816567636772
evtol,VAH22,0.6192126290458029,25.8718136342393,1.0,645.9816567636772
evtol,VAH22,0.6966142076765283,21.34004820273887,1.0,645.9816567636772
evtol,VAH23,0.0,99.99999999999993,1.0,1137.4429661996649
evtol,VAH23,0.0,87.70473401514849,1.0,1137.4429661996649
evtol,VAH23,0.043958248005221814,79.54556288796155,1.0,1137.4429661996649
evtol,VAH23,0.08791649601044363,73.01068472218375,1.0,1137.4429661996649
evtol,VAH23,0.13187474401566543,66.2481901867119,1.0,1137.4429661996649
evtol,VAH23,0.17583299202088726,61.413971063386086,1.0,1137.4429661996649
evtol,VAH23,0.21979124002610906,58.68854986203594,1.0,1137.4429661996649
evtol,VAH23,0.26374948803133086,58.68854986203594,1.0,1137.4429661996649
evtol,VAH23,0.3077077360365527,53.71053468389256,1.0,1137.4429661996649
evtol,VAH23,0.3516659840417745,49.34099462841921,1.0,1137.4429661996649
evtol,VAH23,0.3956242320469963,45.338490086426475,1.0,1137.4429661996649
evtol,VAH23,0.4395824800522181,38.398868277861524,1.0,1137.4429661996649
evtol,VAH23,0.48354072805744,38.398868277861524,1.0,1137.4429661996649
evtol,VAH23,0.5274989760626617,33.77596859919649,1.0,1137.4429661996649
evtol,VAH23,0.5714572240678836,31.682853773666796,1.0,1137.4429661996649
evtol,VAH24,0.0,100.0,1.0,814.1615208702656
evtol,VAH24,0.0,85.30889800671261,1.0,814.1615208702656
evtol,VAH24,0.06141287535494737,76.45126317803403,1.0,814.1615208702656
evtol,VAH24,0.12282575070989474,68.57611875156302,1.0,814.1615208702656
evtol,VAH24,0.1842386260648421,61.44035236614094,1.0,814.1615208702656
evtol,VAH24,0.24565150141978948,55.65750767766126,1.0,814.1615208702656
evtol,VAH24,0.30706437677473686,50.23242359549883,1.0,814.1615208702656
evtol,VAH24,0.3684772521296842,50.23242359549883,1.0,814.1615208702656
evtol,VAH24,0.42989012748463157,45.011717482865166,1.0,814.1615208702656
evtol,VAH24,0.49130300283957895,40.21378009482234,1.0,814.1615208702656
evtol,VAH24,0.5527158781945263,36.36327503431801,1.0,814.1615208702656
evtol,VAH24,0.6141287535494737,26.659096473610475,1.0,814.1615208702656
evtol,VAH24,0.675541628904421,26.659096473610475,1.0,814.1615208702656
evtol,VAH24,0.7369545042593684,22.509295015892334,1.0,814.1615208702656
evtol,VAH24,0.7983673796143158,15.399429073708433,1.0,814.1615208702656
evtol,VAH24,0.8597802549692631,15.20598612117702,1.0,814.1615208702656
evtol,VAH24,0.9211931303242106,4.609458467025576,1.0,814.1615208702656
evtol,VAH25,0.0,100.0,1.0,700.0911456876024
evtol,VAH25,0.0,84.4915035426321,1.0,700.0911456876024
evtol,VAH25,0.0714192720590573,74.30542377973254,1.0,700.0911456876024
evtol,VAH25,0.1428385441181146,65.8157067730992,1.0,700.0911456876024
evtol,VAH25,0.2142578161771719,58.42910908364615,1.0,700.0911456876024
evtol,VAH25,0.28710547367741035,52.92026710698565,1.0,700.0911456876024
evtol,VAH25,0.35852474573646764,46.50916318696645,1.0,700.0911456876024
evtol,VAH25,0.429944017795525,39.81485659231922,1.0,700.0911456876024
evtol,VAH25,0.5013632898545822,34.23222976518829,1.0,700.0911456876024
evtol,VAH25,0.5727825619136396,28.219508696121306,1.0,700.0911456876024
evtol,VAH25,0.6442018339726969,30.59333409554206,1.0,700.0911456876024
evtol,VAH25,0.6442018339726969,22.070424285575996,1.0,700.0911456876024
evtol,VAH25,0.7156211060317542,17.820568352909163,1.0,700.0911456876024
evtol,VAH26,0.0,100.0,1.0,1003.0
evtol,VAH26,0.0,100.0,1.0,1003.0
evtol,VAH26,0.049850448654037885,85.93937648686435,1.0,1003.0
evtol,VAH26,0.09970089730807577,77.7330052575411,1.0,1003.0
evtol,VAH26,0.14955134596211367,69.97608687701721,1.0,1003.0
evtol,VAH26,0.19940179461615154,57.8397717980058,1.0,1003.0
evtol,VAH26,0.24925224327018944,53.50064909937167,1.0,1003.0
evtol,VAH26,0.29910269192422734,53.50064909937167,1.0,1003.0
evtol,VAH26,0.3489531405782652,47.05625523986548,1.0,1003.0
evtol,VAH26,0.3988035892323031,43.06813179858764,1.0,1003.0
evtol,VAH26,0.44865403788634095,36.687269344096336,1.0,1003.0
evtol,VAH26,0.4985044865403789,33.89219176199248,1.0,1003.0
evtol,VAH26,0.5483549351944168,33.89219176199248,1.0,1003.0
evtol,VAH26,0.5982053838484547,29.52364433332583,1.0,1003.0
evtol,VAH26,0.6480558325024925,25.383862919793287,1.0,1003.0
evtol,VAH26,0.6979062811565304,23.464091464655894,1.0,1003.0
evtol,VAH26,0.7477567298105683,10.536833224290874,1.0,1003.0
evtol,VAH26,0.7976071784646062,10.536833224290874,1.0,1003.0
evtol,VAH26,0.847457627118644,7.695288153183171,1.0,1003.0
evtol,VAH26,0.9002991026919243,7.695288153183171,1.0,1003.0
evtol,VAH26,0.9501495513459621,2.180453878701769,1.0,1003.0
evtol,VAH26,1.0,0.0,1.0,1003.0
evtol,VAH26,1.0,0.0,1.0,1003.0
evtol,VAH26,1.0,0.0,1.0,1003.0
evtol,VAH27,0.0,99.99999999999993,1.0,677.2846835207158
evtol,VAH27,0.0,99.99999999999993,1.0,677.2846835207158
evtol,VAH27,0.07382420009867338,84.7801730424154,1.0,677.2846835207158
evtol,VAH27,0.14764840019734676,74.56035741585787,1.0,677.2846835207158
evtol,VAH27,0.22147260029602014,66.23009694161148,1.0,677.2846835207158
evtol,VAH27,0.2952968003946935,51.716509228595555,1.0,677.2846835207158
evtol,VAH27,0.36912100049336694,46.56465790039363,1.0,677.2846835207158
evtol,VAH27,0.4429452005920403,46.56465790039363,1.0,677.2846835207158
evtol,VAH27,0.5167694006907136,40.7150587058991,1.0,677.2846835207158
evtol,VAH27,0.590593600789387,35.56567328221767,1.0,677.2846835207158
evtol,VAH27,0.6644178008880605,24.669007107630208,1.0,677.2846835207158
evtol,VAH27,0.7382420009867339,18.706471145712626,1.0,677.2846835207158
evtol,VAH27,0.8120662010854072,18.706471145712626,1.0,677.2846835207158
evtol,VAH28,0.0,100.0,1.0,1291.3506271445035
evtol,VAH28,0.0,100.0,1.0,1291.3506271445035
evtol,VAH28,0.03871915105703119,87.13830208499125,1.0,1291.3506271445035
evtol,VAH28,0.07743830211406239,78.37373309557314,1.0,1291.3506271445035
evtol,VAH28,0.11615745317109359,70.7559516788362,1.0,1291.3506271445035
evtol,VAH28,0.15487660422812477,59.60198490977653,1.0,1291.3506271445035
evtol,VAH28,0.193595755285156,62.00135762044738,1.0,1291.3506271445035
evtol,VAH28,0.193595755285156,62.00135762044738,1.0,1291.3506271445035
evtol,VAH28,0.23231490634218718,54.61836515493005,1.0,1291.3506271445035
evtol,VAH28,0.2710340573992184,49.59875316421609,1.0,1291.3506271445035
evtol,VAH28,0.30975320845624954,45.4509497552921,1.0,1291.3506271445035
evtol,VAH28,0.34847235951328076,38.51758373181099,1.0,1291.3506271445035
evtol,VAH28,0.387191510570312,35.00522603451003,1.0,1291.3506271445035
evtol,VAH28,0.42591066162734315,35.00522603451003,1.0,1291.3506271445035
evtol,VAH28,0.46462981268437437,28.843157296021285,1.0,1291.3506271445035
evtol,VAH28,0.5072208788471086,28.843157296021285,1.0,1291.3506271445035
evtol,VAH28,0.5459400299041398,25.462198631104087,1.0,1291.3506271445035
evtol,VAH28,0.5846591809611711,20.71594121851497,1.0,1291.3506271445035
evtol,VAH28,0.6233783320182023,20.71594121851497,1.0,1291.3506271445035
evtol,VAH28,0.6620974830752334,17.590519473821615,1.0,1291.3506271445035
evtol,VAH28,0.7008166341322646,13.316352836009386,1.0,1291.3506271445035
evtol,VAH28,0.7395357851892959,13.316352836009386,1.0,1291.3506271445035
evtol,VAH28,0.778254936246327,8.429770197922863,1.0,1291.3506271445035
evtol,VAH28,0.8169740873033582,7.490842053813225,1.0,1291.3506271445035
evtol,VAH28,0.8556932383603895,7.490842053813225,1.0,1291.3506271445035
plane,plane_batt_1,0.0,96.79056452285823,3.0,1295.059
plane,plane_batt_1,0.0007721655924556333,96.80155931103552,3.0,1295.059
plane,plane_batt_1,0.0015443311849112666,96.80796142539351,3.0,1295.059
plane,plane_batt_1,0.0023164967773669,96.82680287656414,3.0,1295.059
plane,plane_batt_1,0.003088662369822533,96.8485303005568,3.0,1295.059
plane,plane_batt_1,0.0038608279622781667,96.60040196256284,3.0,1295.059
plane,plane_batt_1,0.0046329935547338,96.53627816098472,3.0,1295.059
plane,plane_batt_1,0.005405159147189433,96.52640054823384,3.0,1295.059
plane,plane_batt_1,0.006177324739645066,96.50806171414196,3.0,1295.059
plane,plane_batt_1,0.0069494903321007,96.54048831646227,3.0,1295.059
plane,plane_batt_1,0.007721655924556333,96.61005022979002,3.0,1295.059
plane,plane_batt_1,0.008493821517011967,96.69666347812976,3.0,1295.059
plane,plane_batt_1,0.0092659871094676,96.71635158466876,3.0,1295.059
plane,plane_batt_1,0.010038152701923233,96.73829173870227,3.0,1295.059
plane,plane_batt_1,0.010810318294378866,96.75133520338682,3.0,1295.059
plane,plane_batt_1,0.0115824838868345,96.7695508297,3.0,1295.059
plane,plane_batt_1,0.012354649479290132,96.78779773680397,3.0,1295.059
plane,plane_batt_1,0.013126815071745766,96.72319669101768,3.0,1295.059
plane,plane_batt_1,0.0138989806642014,96.30042156293082,3.0,1295.059
plane,plane_batt_1,0.014671146256657034,96.06757324082172,3.0,1295.059
plane,plane_batt_1,0.015443311849112667,95.89671962749378,3.0,1295.059
plane,plane_batt_1,0.016215477441568298,95.76406294212146,3.0,1295.059
plane,plane_batt_1,0.016987643034023933,95.72430208371004,3.0,1295.059
plane,plane_batt_1,0.017759808626479565,95.68023531839836,3.0,1295.059
plane,plane_batt_1,0.0185319742189352,95.65725147726268,3.0,1295.059
plane,plane_batt_1,0.019304139811390834,95.47035569647184,3.0,1295.059
plane,plane_batt_1,0.020076305403846466,95.32317373691752,3.0,1295.059
plane,plane_batt_1,0.0208484709963021,95.05577487517408,3.0,1295.059
plane,plane_batt_1,0.021620636588757732,94.78323504052686,3.0,1295.059
plane,plane_batt_1,0.022392802181213367,94.47905387971196,3.0,1295.059
plane,plane_batt_1,0.023164967773669,94.18255434462564,3.0,1295.059
plane,plane_batt_1,0.023937133366124633,93.927314520149,3.0,1295.059
plane,plane_batt_1,0.024709298958580265,93.73146460886927,3.0,1295.059
plane,plane_batt_1,0.0254814645510359,93.53575323647772,3.0,1295.059
plane,plane_batt_1,0.02625363014349153,93.32308554373336,3.0,1295.059
plane,plane_batt_1,0.027025795735947166,93.16602955373644,3.0,1295.059
plane,plane_batt_1,0.0277979613284028,93.06033523684955,3.0,1295.059
plane,plane_batt_1,0.028570126920858432,92.96869289177086,3.0,1295.059
plane,plane_batt_1,0.029342292513314067,92.7878426382729,3.0,1295.059
plane,plane_batt_1,0.0301144581057697,92.48767065313,3.0,1295.059
plane,plane_batt_1,0.030886623698225334,92.1617788497711,3.0,1295.059
plane,plane_batt_1,0.031658789290680965,91.9722485962546,3.0,1295.059
plane,plane_batt_1,0.032430954883136597,91.7081699280807,3.0,1295.059
plane,plane_batt_1,0.033203120475592235,91.006851756949,3.0,1295.059
plane,plane_batt_1,0.033975286068047866,90.83366651628462,3.0,1295.059
plane,plane_batt_1,0.0347474516605035,90.6044606482841,3.0,1295.059
plane,plane_batt_1,0.03551961725295913,90.33643916756937,3.0,1295.059
plane,plane_batt_1,0.03629178284541477,89.71326178244173,3.0,1295.059
plane,plane_batt_1,0.0370639484378704,89.29562036689435,3.0,1295.059
plane,plane_batt_1,0.03783611403032603,89.05706828283624,3.0,1295.059
plane,plane_batt_1,0.03860827962278167,88.8934265229185,3.0,1295.059
plane,plane_batt_1,0.0393804452152373,88.72109582729755,3.0,1295.059
plane,plane_batt_1,0.04015261080769293,89.04983194887393,3.0,1295.059
plane,plane_batt_1,0.04092477640014856,89.1441317695984,3.0,1295.059
plane,plane_batt_1,0.0416969419926042,89.31071156077807,3.0,1295.059
plane,plane_batt_1,0.04246910758505983,89.39887487342884,3.0,1295.059
plane,plane_batt_1,0.043241273177515464,89.47930135478478,3.0,1295.059
plane,plane_batt_1,0.044013438769971096,89.56300100390361,3.0,1295.059
plane,plane_batt_1,0.044785604362426734,89.67664223856507,3.0,1295.059
plane,plane_batt_1,0.045557769954882366,89.69685786454649,3.0,1295.059
plane,plane_batt_1,0.046329935547338,89.59911271167955,3.0,1295.059
plane,plane_batt_1,0.047102101139793635,89.46709856727435,3.0,1295.059
plane,plane_batt_1,0.04787426673224927,89.1763315326906,3.0,1295.059
plane,plane_batt_1,0.0486464323247049,89.10206329891085,3.0,1295.059
plane,plane_batt_1,0.04941859791716053,89.09891436447536,3.0,1295.059
plane,plane_batt_1,0.05019076350961617,89.09644587156278,3.0,1295.059
plane,plane_batt_1,0.0509629291020718,89.09280195080538,3.0,1295.059
plane,plane_batt_1,0.05173509469452743,89.087317343758,3.0,1295.059
plane,plane_batt_1,0.05250726028698306,89.06659453440327,3.0,1295.059
plane,plane_batt_1,0.0532794258794387,88.40147869316746,3.0,1295.059
plane,plane_batt_1,0.05405159147189433,88.27087751755008,3.0,1295.059
plane,plane_batt_1,0.054823757064349964,88.06826523756168,3.0,1295.059
plane,plane_batt_1,0.0555959226568056,86.99991251477688,3.0,1295.059
plane,plane_batt_1,0.05636808824926123,82.98214683997602,3.0,1295.059
plane,plane_batt_1,0.057140253841716865,82.86980207084204,3.0,1295.059
plane,plane_batt_1,0.057912419434172496,73.43213334983366,3.0,1295.059
plane,plane_batt_1,0.058684585026628135,73.24240072156196,3.0,1295.059
plane,plane_batt_1,0.059456750619083766,73.02002898177449,3.0,1295.059
plane,plane_batt_1,0.0602289162115394,71.88754250059256,3.0,1295.059
plane,plane_batt_1,0.06100108180399503,71.85035581743567,3.0,1295.059
plane,plane_batt_1,0.06177324739645067,71.76050653666987,3.0,1295.059
plane,plane_batt_1,0.0625454129889063,71.6826611603813,3.0,1295.059
plane,plane_batt_1,0.06331757858136193,71.59870307105514,3.0,1295.059
plane,plane_batt_1,0.06408974417381756,71.57134780998022,3.0,1295.059
plane,plane_batt_1,0.06486190976627319,71.66879789130876,3.0,1295.059
plane,plane_batt_1,0.06563407535872884,71.91243621854507,3.0,1295.059
plane,plane_batt_1,0.06640624095118447,71.52445156896567,3.0,1295.059
plane,plane_batt_1,0.0671784065436401,71.44228085410496,3.0,1295.059
plane,plane_batt_1,0.06795057213609573,71.35922898168847,3.0,1295.059
plane,plane_batt_1,0.06872273772855136,71.27065577185942,3.0,1295.059
plane,plane_batt_1,0.069494903321007,71.26367613703033,3.0,1295.059
plane,plane_batt_1,0.07026706891346263,73.62781079939757,3.0,1295.059
plane,plane_batt_1,0.07103923450591826,74.28291402887646,3.0,1295.059
plane,plane_batt_1,0.0718114000983739,75.11152979147846,3.0,1295.059
plane,plane_batt_1,0.07258356569082954,76.78699664101744,3.0,1295.059
plane,plane_batt_1,0.07335573128328517,77.40890327414758,3.0,1295.059
plane,plane_batt_1,0.0741278968757408,77.74291966441156,3.0,1295.059
plane,plane_batt_1,0.07490006246819643,77.98812469848015,3.0,1295.059
plane,plane_batt_1,0.07567222806065206,78.40286238777244,3.0,1295.059
plane,plane_batt_1,0.07644439365310769,78.5845520586606,3.0,1295.059
plane,plane_batt_1,0.07721655924556334,79.22067788396271,3.0,1295.059
plane,plane_batt_1,0.07798872483801897,79.29946660162258,3.0,1295.059
plane,plane_batt_1,0.0787608904304746,79.36136407592238,3.0,1295.059
plane,plane_batt_1,0.07953305602293023,79.42540108892736,3.0,1295.059
plane,plane_batt_1,0.08030522161538586,79.39914244902532,3.0,1295.059
plane,plane_batt_1,0.0810773872078415,79.30950688998783,3.0,1295.059
plane,plane_batt_1,0.08184955280029713,79.1152702190965,3.0,1295.059
plane,plane_batt_1,0.08262171839275277,78.98538610555146,3.0,1295.059
plane,plane_batt_1,0.0833938839852084,78.87520694976544,3.0,1295.059
plane,plane_batt_1,0.08416604957766403,78.47164688832277,3.0,1295.059
plane,plane_batt_1,0.08493821517011967,78.33141294851492,3.0,1295.059
plane,plane_batt_1,0.0857103807625753,78.2478297533655,3.0,1295.059
plane,plane_batt_1,0.08648254635503093,78.07740024224371,3.0,1295.059
plane,plane_batt_1,0.08725471194748656,77.9322303003852,3.0,1295.059
plane,plane_batt_1,0.08802687753994219,77.75762484127388,3.0,1295.059
plane,plane_batt_1,0.08879904313239784,77.65162156668514,3.0,1295.059
plane,plane_batt_1,0.08957120872485347,77.44205509428394,3.0,1295.059
plane,plane_batt_1,0.0903433743173091,77.34257616743258,3.0,1295.059
plane,plane_batt_1,0.09111553990976473,77.23844013872326,3.0,1295.059
plane,plane_batt_1,0.09188770550222036,76.98699239739729,3.0,1295.059
plane,plane_batt_1,0.092659871094676,76.87695599570704,3.0,1295.059
plane,plane_batt_1,0.09343203668713163,76.75854421402437,3.0,1295.059
plane,plane_batt_1,0.09420420227958727,76.56104465427859,3.0,1295.059
plane,plane_batt_1,0.0949763678720429,76.40852751473209,3.0,1295.059
plane,plane_batt_1,0.09574853346449853,76.32877769506477,3.0,1295.059
plane,plane_batt_1,0.09652069905695417,76.02844106851613,3.0,1295.059
plane,plane_batt_1,0.0972928646494098,75.83895987341421,3.0,1295.059
plane,plane_batt_1,0.09806503024186543,75.71377718667867,3.0,1295.059
plane,plane_batt_1,0.09883719583432106,75.48681590009176,3.0,1295.059
plane,plane_batt_1,0.09960936142677669,75.38206578231684,3.0,1295.059
plane,plane_batt_1,0.10038152701923234,75.1943268333836,3.0,1295.059
plane,plane_batt_1,0.10115369261168797,75.1320561793176,3.0,1295.059
plane,plane_batt_1,0.1019258582041436,75.04268567337363,3.0,1295.059
plane,plane_batt_1,0.10269802379659923,74.97372582710523,3.0,1295.059
plane,plane_batt_1,0.10347018938905486,74.54958680899661,3.0,1295.059
plane,plane_batt_1,0.1042423549815105,74.46876210067714,3.0,1295.059
plane,plane_batt_1,0.10501452057396612,74.3147647921227,3.0,1295.059
plane,plane_batt_1,0.10578668616642177,74.25984718346564,3.0,1295.059
plane,plane_batt_1,0.1065588517588774,74.23952451391565,3.0,1295.059
plane,plane_batt_1,0.10733101735133303,74.21579209438315,3.0,1295.059
plane,plane_batt_1,0.10810318294378866,74.1822326726045,3.0,1295.059
plane,plane_batt_1,0.1088753485362443,74.08045023033888,3.0,1295.059
plane,plane_batt_1,0.10964751412869993,74.03374978455169,3.0,1295.059
plane,plane_batt_1,0.11041967972115556,73.90758628130585,3.0,1295.059
plane,plane_batt_1,0.1111918453136112,73.76363487754513,3.0,1295.059
plane,plane_batt_1,0.11196401090606684,73.70758008119802,3.0,1295.059
plane,plane_batt_1,0.11273617649852247,73.62479170899178,3.0,1295.059
plane,plane_batt_1,0.1135083420909781,73.5636528449433,3.0,1295.059
plane,plane_batt_1,0.11428050768343373,73.4711795251108,3.0,1295.059
plane,plane_batt_1,0.11505267327588936,73.35951020308946,3.0,1295.059
plane,plane_batt_1,0.11582483886834499,73.24783136229019,3.0,1295.059
plane,plane_batt_1,0.11659700446080062,73.12903114786906,3.0,1295.059
plane,plane_batt_1,0.11736917005325627,73.02774070507623,3.0,1295.059
plane,plane_batt_1,0.1181413356457119,72.96642116883937,3.0,1295.059
plane,plane_batt_1,0.11891350123816753,72.921108139243,3.0,1295.059
plane,plane_batt_1,0.11968566683062316,72.84155120023638,3.0,1295.059
plane,plane_batt_1,0.1204578324230788,72.6406184796445,3.0,1295.059
plane,plane_batt_1,0.12122999801553443,72.57739420034487,3.0,1295.059
plane,plane_batt_1,0.12200216360799006,72.55099384949169,3.0,1295.059
plane,plane_batt_1,0.1227743292004457,72.52546249334856,3.0,1295.059
plane,plane_batt_1,0.12354649479290133,72.51758804474866,3.0,1295.059
plane,plane_batt_1,0.12431866038535697,72.48459561433121,3.0,1295.059
plane,plane_batt_1,0.1250908259778126,72.42364657367709,3.0,1295.059
plane,plane_batt_1,0.12586299157026823,72.1892977284429,3.0,1295.059
plane,plane_batt_1,0.12663515716272386,72.06954014994078,3.0,1295.059
plane,plane_batt_1,0.1274073227551795,71.93686793308491,3.0,1295.059
plane,plane_batt_1,0.12817948834763512,71.88888485943818,3.0,1295.059
plane,plane_batt_1,0.12895165394009075,71.87477491417987,3.0,1295.059
plane,plane_batt_1,0.12972381953254639,71.84039702002225,3.0,1295.059
plane,plane_batt_1,0.13049598512500202,71.88287195177745,3.0,1295.059
plane,plane_batt_1,0.13126815071745768,71.74407406781953,3.0,1295.059
plane,plane_batt_1,0.1320403163099133,71.37878334300427,3.0,1295.059
plane,plane_batt_1,0.13281248190236894,71.26202634512886,3.0,1295.059
plane,plane_batt_1,0.13358464749482457,71.16949240917661,3.0,1295.059
plane,plane_batt_1,0.1343568130872802,71.20063797533051,3.0,1295.059
plane,plane_batt_1,0.13512897867973583,71.24875837872322,3.0,1295.059
plane,plane_batt_1,0.13590114427219147,70.83236562182523,3.0,1295.059
plane,plane_batt_1,0.1366733098646471,68.77743739973295,3.0,1295.059
plane,plane_batt_1,0.13744547545710273,66.53516229753825,3.0,1295.059
plane,plane_batt_1,0.13821764104955836,65.7585916566614,3.0,1295.059
plane,plane_batt_1,0.138989806642014,65.17612263987925,3.0,1295.059
plane,plane_batt_1,0.13976197223446962,63.53299814312631,3.0,1295.059
plane,plane_batt_1,0.14053413782692525,63.29073678353929,3.0,1295.059
plane,plane_batt_1,0.14130630341938089,62.51859075891806,3.0,1295.059
plane,plane_batt_1,0.14207846901183652,62.14460920224191,3.0,1295.059
plane,plane_batt_1,0.14285063460429218,60.884796936072256,3.0,1295.059
plane,plane_batt_1,0.1436228001967478,59.6813393910713,3.0,1295.059
plane,plane_batt_1,0.14439496578920344,57.54232883832993,3.0,1295.059
plane,plane_batt_2,0.0,96.8950207879924,3.0,1632.538
plane,plane_batt_2,0.0006125431689798338,96.9009718340842,3.0,1632.538
plane,plane_batt_2,0.0012250863379596676,96.90433225433156,3.0,1632.538
plane,plane_batt_2,0.0018376295069395016,96.9130523333165,3.0,1632.538
plane,plane_batt_2,0.0024501726759193353,96.92342252736296,3.0,1632.538
plane,plane_batt_2,0.0030627158448991694,96.95056447832206,3.0,1632.538
plane,plane_batt_2,0.003675259013879003,96.88375438760002,3.0,1632.538
plane,plane_batt_2,0.004287802182858837,96.88592796512582,3.0,1632.538
plane,plane_batt_2,0.004900345351838671,96.89344176107032,3.0,1632.538
plane,plane_batt_2,0.005512888520818504,96.90270179268524,3.0,1632.538
plane,plane_batt_2,0.006125431689798339,96.9535750509227,3.0,1632.538
plane,plane_batt_2,0.006737974858778173,97.0157030390091,3.0,1632.538
plane,plane_batt_2,0.007350518027758006,97.0147026911861,3.0,1632.538
plane,plane_batt_2,0.00796306119673784,97.06495251561978,3.0,1632.538
plane,plane_batt_2,0.008575604365717674,97.11062772239548,3.0,1632.538
plane,plane_batt_2,0.009188147534697507,97.10352960804624,3.0,1632.538
plane,plane_batt_2,0.009800690703677341,97.0955363993376,3.0,1632.538
plane,plane_batt_2,0.010413233872657175,97.12794142557333,3.0,1632.538
plane,plane_batt_2,0.011025777041637009,96.90475225476028,3.0,1632.538
plane,plane_batt_2,0.011638320210616842,96.83630480662526,3.0,1632.538
plane,plane_batt_2,0.012250863379596678,96.85013059475918,3.0,1632.538
plane,plane_batt_2,0.012863406548576511,96.86048107296553,3.0,1632.538
plane,plane_batt_2,0.013475949717556345,96.86797088166628,3.0,1632.538
plane,plane_batt_2,0.014088492886536179,96.82187599540188,3.0,1632.538
plane,plane_batt_2,0.014701036055516013,96.79434855866374,3.0,1632.538
plane,plane_batt_2,0.015313579224495846,96.72433963592616,3.0,1632.538
plane,plane_batt_2,0.01592612239347568,96.6668091815728,3.0,1632.538
plane,plane_batt_2,0.016538665562455514,96.51937282214377,3.0,1632.538
plane,plane_batt_2,0.017151208731435347,96.3281325596541,3.0,1632.538
plane,plane_batt_2,0.01776375190041518,96.18787861222069,3.0,1632.538
plane,plane_batt_2,0.018376295069395015,96.03964975170634,3.0,1632.538
plane,plane_batt_2,0.01898883823837485,95.88508704870998,3.0,1632.538
plane,plane_batt_2,0.019601381407354682,95.72296313992264,3.0,1632.538
plane,plane_batt_2,0.020213924576334516,95.56819129670706,3.0,1632.538
plane,plane_batt_2,0.02082646774531435,95.3965766707924,3.0,1632.538
plane,plane_batt_2,0.021439010914294183,95.33348195987097,3.0,1632.538
plane,plane_batt_2,0.022051554083274017,95.28778299711531,3.0,1632.538
plane,plane_batt_2,0.02266409725225385,95.22353160764982,3.0,1632.538
plane,plane_batt_2,0.023276640421233685,95.10679631609268,3.0,1632.538
plane,plane_batt_2,0.023889183590213522,94.98695213492738,3.0,1632.538
plane,plane_batt_2,0.024501726759193355,94.8405341615549,3.0,1632.538
plane,plane_batt_2,0.02511426992817319,94.68783953245917,3.0,1632.538
plane,plane_batt_2,0.025726813097153023,94.51502317551076,3.0,1632.538
plane,plane_batt_2,0.026339356266132857,93.9211085137446,3.0,1632.538
plane,plane_batt_2,0.02695189943511269,93.7438258417628,3.0,1632.538
plane,plane_batt_2,0.027564442604092524,93.52438088370585,3.0,1632.538
plane,plane_batt_2,0.028176985773072358,93.26555122968853,3.0,1632.538
plane,plane_batt_2,0.02878952894205219,92.67278080875828,3.0,1632.538
plane,plane_batt_2,0.029402072111032025,92.25714594554267,3.0,1632.538
plane,plane_batt_2,0.03001461528001186,92.02553775340816,3.0,1632.538
plane,plane_batt_2,0.030627158448991693,91.86470280224938,3.0,1632.538
plane,plane_batt_2,0.031239701617971526,91.67644239023834,3.0,1632.538
plane,plane_batt_2,0.03185224478695136,91.7841236021578,3.0,1632.538
plane,plane_batt_2,0.0324647879559312,91.83926299992876,3.0,1632.538
plane,plane_batt_2,0.03307733112491103,91.9568776825121,3.0,1632.538
plane,plane_batt_2,0.033689874293890865,92.0189000165719,3.0,1632.538
plane,plane_batt_2,0.034302417462870695,92.0577874670776,3.0,1632.538
plane,plane_batt_2,0.03491496063185053,92.09003502900543,3.0,1632.538
plane,plane_batt_2,0.03552750380083036,92.15520334597925,3.0,1632.538
plane,plane_batt_2,0.0361400469698102,92.09288836554867,3.0,1632.538
plane,plane_batt_2,0.03675259013879003,91.9925741922619,3.0,1632.538
plane,plane_batt_2,0.03736513330776987,91.68286336858418,3.0,1632.538
plane,plane_batt_2,0.0379776764767497,91.37177181107066,3.0,1632.538
plane,plane_batt_2,0.038590219645729534,91.31936444718905,3.0,1632.538
plane,plane_batt_2,0.039202762814709365,91.30875963022493,3.0,1632.538
plane,plane_batt_2,0.0398153059836892,91.30081170696756,3.0,1632.538
plane,plane_batt_2,0.04042784915266903,91.2894989475836,3.0,1632.538
plane,plane_batt_2,0.04104039232164887,91.3141050751956,3.0,1632.538
plane,plane_batt_2,0.0416529354906287,91.47649189002168,3.0,1632.538
plane,plane_batt_2,0.04226547865960854,90.9941961430979,3.0,1632.538
plane,plane_batt_2,0.04287802182858837,90.8659217998898,3.0,1632.538
plane,plane_batt_2,0.043490564997568204,90.63807808403968,3.0,1632.538
plane,plane_batt_2,0.044103108166548034,89.47602289882236,3.0,1632.538
plane,plane_batt_2,0.04471565133552787,85.43813758437706,3.0,1632.538
plane,plane_batt_2,0.0453281945045077,85.27185639385016,3.0,1632.538
plane,plane_batt_2,0.04594073767348754,74.25149781345812,3.0,1632.538
plane,plane_batt_2,0.04655328084246737,73.9934982286505,3.0,1632.538
plane,plane_batt_2,0.047165824011447206,73.79560465975918,3.0,1632.538
plane,plane_batt_2,0.047778367180427044,72.95130189127977,3.0,1632.538
plane,plane_batt_2,0.048390910349406874,72.99519679920677,3.0,1632.538
plane,plane_batt_2,0.04900345351838671,72.99544394014099,3.0,1632.538
plane,plane_batt_2,0.04961599668736654,72.95670523719589,3.0,1632.538
plane,plane_batt_2,0.05022853985634638,73.00015612946731,3.0,1632.538
plane,plane_batt_2,0.05084108302532621,73.05274087089416,3.0,1632.538
plane,plane_batt_2,0.051453626194306046,73.21182533231115,3.0,1632.538
plane,plane_batt_2,0.052066169363285876,73.57525580726838,3.0,1632.538
plane,plane_batt_2,0.05267871253226571,73.60325000181348,3.0,1632.538
plane,plane_batt_2,0.05329125570124554,73.5857667518949,3.0,1632.538
plane,plane_batt_2,0.05390379887022538,73.56557870861198,3.0,1632.538
plane,plane_batt_2,0.05451634203920521,73.61362757304887,3.0,1632.538
plane,plane_batt_2,0.05512888520818505,73.65396357293585,3.0,1632.538
plane,plane_batt_2,0.05574142837716488,75.96909097881546,3.0,1632.538
plane,plane_batt_2,0.056353971546144715,76.56328356870463,3.0,1632.538
plane,plane_batt_2,0.056966514715124546,77.32051759937997,3.0,1632.538
plane,plane_batt_2,0.05757905788410438,78.92658816315313,3.0,1632.538
plane,plane_batt_2,0.05819160105308421,79.54993592313633,3.0,1632.538
plane,plane_batt_2,0.05880414422206405,79.8928400219319,3.0,1632.538
plane,plane_batt_2,0.05941668739104388,80.13755169137065,3.0,1632.538
plane,plane_batt_2,0.06002923056002372,80.55426977562226,3.0,1632.538
plane,plane_batt_2,0.06064177372900355,80.81714745201214,3.0,1632.538
plane,plane_batt_2,0.061254316897983385,81.49645176328174,3.0,1632.538
plane,plane_batt_2,0.061866860066963215,81.59664046693749,3.0,1632.538
plane,plane_batt_2,0.06247940323594305,81.67449132065649,3.0,1632.538
plane,plane_batt_2,0.06309194640492288,81.76512221304162,3.0,1632.538
plane,plane_batt_2,0.06370448957390272,81.75989324995469,3.0,1632.538
plane,plane_batt_2,0.06431703274288256,81.69089858829683,3.0,1632.538
plane,plane_batt_2,0.0649295759118624,81.53260733596021,3.0,1632.538
plane,plane_batt_2,0.06554211908084222,81.42675812541401,3.0,1632.538
plane,plane_batt_2,0.06615466224982205,81.33267253007212,3.0,1632.538
plane,plane_batt_2,0.06676720541880189,80.97045419027191,3.0,1632.538
plane,plane_batt_2,0.06737974858778173,80.84164405209577,3.0,1632.538
plane,plane_batt_2,0.06799229175676155,80.763863203607,3.0,1632.538
plane,plane_batt_2,0.06860483492574139,80.61229345654871,3.0,1632.538
plane,plane_batt_2,0.06921737809472123,80.47802479624941,3.0,1632.538
plane,plane_batt_2,0.06982992126370106,80.30173618115765,3.0,1632.538
plane,plane_batt_2,0.07044246443268089,80.18622084410994,3.0,1632.538
plane,plane_batt_2,0.07105500760166072,79.98176754154444,3.0,1632.538
plane,plane_batt_2,0.07166755077064056,79.88082419742788,3.0,1632.538
plane,plane_batt_2,0.0722800939396204,79.77603795397035,3.0,1632.538
plane,plane_batt_2,0.07289263710860022,79.49213372553645,3.0,1632.538
plane,plane_batt_2,0.07350518027758006,79.35707542756427,3.0,1632.538
plane,plane_batt_2,0.0741177234465599,79.23841100112642,3.0,1632.538
plane,plane_batt_2,0.07473026661553973,79.04675928657203,3.0,1632.538
plane,plane_batt_2,0.07534280978451956,78.8878815618893,3.0,1632.538
plane,plane_batt_2,0.0759553529534994,78.79432250048838,3.0,1632.538
plane,plane_batt_2,0.07656789612247923,78.45860392629963,3.0,1632.538
plane,plane_batt_2,0.07718043929145907,78.31502487283015,3.0,1632.538
plane,plane_batt_2,0.07779298246043889,78.17989409004959,3.0,1632.538
plane,plane_batt_2,0.07840552562941873,77.99342072174504,3.0,1632.538
plane,plane_batt_2,0.07901806879839857,77.92293424178234,3.0,1632.538
plane,plane_batt_2,0.0796306119673784,77.78062828719725,3.0,1632.538
plane,plane_batt_2,0.08024315513635824,77.70331353214694,3.0,1632.538
plane,plane_batt_2,0.08085569830533806,77.61109989909062,3.0,1632.538
plane,plane_batt_2,0.0814682414743179,77.55168206093872,3.0,1632.538
plane,plane_batt_2,0.08208078464329774,77.17618384608852,3.0,1632.538
plane,plane_batt_2,0.08269332781227758,77.10733246030009,3.0,1632.538
plane,plane_batt_2,0.0833058709812574,76.97524942971961,3.0,1632.538
plane,plane_batt_2,0.08391841415023724,76.92646492427833,3.0,1632.538
plane,plane_batt_2,0.08453095731921707,76.9085486476165,3.0,1632.538
plane,plane_batt_2,0.08514350048819691,76.88789042508108,3.0,1632.538
plane,plane_batt_2,0.08575604365717673,76.8587659262141,3.0,1632.538
plane,plane_batt_2,0.08636858682615657,76.75832504543422,3.0,1632.538
plane,plane_batt_2,0.08698112999513641,76.69643006024997,3.0,1632.538
plane,plane_batt_2,0.08759367316411625,76.5681512473587,3.0,1632.538
plane,plane_batt_2,0.08820621633309607,76.44031154546352,3.0,1632.538
plane,plane_batt_2,0.0888187595020759,76.38923169107491,3.0,1632.538
plane,plane_batt_2,0.08943130267105574,76.32096513078992,3.0,1632.538
plane,plane_batt_2,0.09004384584003558,76.2635494244526,3.0,1632.538
plane,plane_batt_2,0.0906563890090154,76.17802792321245,3.0,1632.538
plane,plane_batt_2,0.09126893217799524,76.07516339073356,3.0,1632.538
plane,plane_batt_2,0.09188147534697508,75.97165297473666,3.0,1632.538
plane,plane_batt_2,0.09249401851595491,75.84848214795666,3.0,1632.538
plane,plane_batt_2,0.09310656168493474,75.7276281453343,3.0,1632.538
plane,plane_batt_2,0.09371910485391458,75.67794027412577,3.0,1632.538
plane,plane_batt_2,0.09433164802289441,75.64003758592017,3.0,1632.538
plane,plane_batt_2,0.09494419119187425,75.56288153206987,3.0,1632.538
plane,plane_batt_2,0.09555673436085409,75.38119186390499,3.0,1632.538
plane,plane_batt_2,0.09616927752983391,75.32014528802834,3.0,1632.538
plane,plane_batt_2,0.09678182069881375,75.29718056007887,3.0,1632.538
plane,plane_batt_2,0.09739436386779358,75.27500099590452,3.0,1632.538
plane,plane_batt_2,0.09800690703677342,75.27084471111684,3.0,1632.538
plane,plane_batt_2,0.09861945020575325,75.25124998034826,3.0,1632.538
plane,plane_batt_2,0.09923199337473308,75.20221857445733,3.0,1632.538
plane,plane_batt_2,0.09984453654371292,74.98806825716386,3.0,1632.538
plane,plane_batt_2,0.10045707971269276,74.87601955187397,3.0,1632.538
plane,plane_batt_2,0.10106962288167258,74.75218737875437,3.0,1632.538
plane,plane_batt_2,0.10168216605065242,74.70837999296248,3.0,1632.538
plane,plane_batt_2,0.10229470921963225,74.69699777561569,3.0,1632.538
plane,plane_batt_2,0.10290725238861209,74.66930232001216,3.0,1632.538
plane,plane_batt_2,0.10351979555759191,74.7439300023385,3.0,1632.538
plane,plane_batt_2,0.10413233872657175,74.56140323969362,3.0,1632.538
plane,plane_batt_2,0.10474488189555159,74.21606464593287,3.0,1632.538
plane,plane_batt_2,0.10535742506453143,74.10894989494197,3.0,1632.538
plane,plane_batt_2,0.10596996823351125,74.01316420998029,3.0,1632.538
plane,plane_batt_2,0.10658251140249109,74.04222654881683,3.0,1632.538
plane,plane_batt_2,0.10719505457147092,74.0914429202357,3.0,1632.538
plane,plane_batt_2,0.10780759774045076,73.68662157967414,3.0,1632.538
plane,plane_batt_2,0.10842014090943058,71.63332898585678,3.0,1632.538
plane,plane_batt_2,0.10903268407841042,69.287607096469,3.0,1632.538
plane,plane_batt_2,0.10964522724739026,68.55715038545684,3.0,1632.538
plane,plane_batt_2,0.1102577704163701,67.99212626400609,3.0,1632.538
plane,plane_batt_2,0.11087031358534993,66.38404062347637,3.0,1632.538
plane,plane_batt_2,0.11148285675432976,66.14047242169534,3.0,1632.538
plane,plane_batt_2,0.1120953999233096,65.42830920293868,3.0,1632.538
plane,plane_batt_2,0.11270794309228943,65.10191615479147,3.0,1632.538
plane,plane_batt_2,0.11332048626126927,63.98434217276738,3.0,1632.538
plane,plane_batt_2,0.11393302943024909,62.77624140903922,3.0,1632.538
plane,plane_batt_2,0.11454557259922893,60.5588813036762,3.0,1632.538
