plane_id,battery_id,flight_id,event_datetime,event_type,observed_soh_pct,observed_soh_iqr_pct,observed_soh_span_pct,flag_new_est_batt_cap_any,flag_rst_coulomb_any,n_rows,event_duration_s,avg_cell_temp_mean_c,avg_cell_temp_min_c,avg_cell_temp_max_c,avg_cell_temp_span_c,current_abs_mean_a,p95_abs_current_a,current_span_a,voltage_mean_v,voltage_max_v,soc_mean_pct,soc_min_pct,soc_max_pct,soc_span_pct,kalman_coulomb_gap_mean_pct,kalman_coulomb_gap_span_pct,cap_est_delta_raw,cap_est_span_raw,p95_abs_dtemp_c_per_min,p95_abs_dcurrent_a_per_s,score_current,score_didt,score_dtemp,score_soc_edge,score_observation_instability,score_gap,score_switch,score_event_type,score_missing,sigma_base_pct,rt_profile,condition_multiplier,measurement_sigma_pct_raw,measurement_sigma_pct,measurement_var_pct2,delta_days,process_var_pct2,latent_soh_filterpy_filter_pct,latent_soh_filterpy_smooth_pct,latent_soh_filterpy_smooth_var_pct2,latent_soh_filterpy_smooth_std_pct,latent_soh_filter_pct,latent_soh_smooth_pct,latent_soh_smooth_var_pct2,latent_soh_smooth_std_pct,_filterpy_pred_var_pct2,_filterpy_pred_state_pct,latent_soh_monotone_pct,residual_pct,standardized_residual,resid_abs_mean_last_5_events,resid_std_last_5_events,resid_max_pos_last_5_events,resid_max_neg_last_5_events,resid_outlier_count_last_5_events,resid_abs_mean_last_30d,resid_std_last_30d,resid_outlier_count_last_30d,condition_multiplier_last_5_events_mean,score_switch_last_5_events_sum,score_observation_instability_last_5_events_mean
192,1,10857,2025-06-03 11:30:00,charge,100.0,0.0,100.0,0,0,20755,4150.781616,19.60298723199229,18.0,21.0,3.0,15.690932305468564,24.4,26.1,391.97431462298243,404.3,76.00727535533606,36.0,99.0,63.0,2.257072030835943,2.0700000000000074,0.0,0.0,0.0,0.500968622843624,0.61,0.13339059132320438,0.0,0.9,0.0,1.4864144061671922,0.0,0.75,0.0,0.55,balanced,2.089280558379439,1.1491043071086917,1.1491043071086917,1.3204407086157466,0.0001,2.5000000000000004e-07,99.986967677044,97.82839430536899,0.0484379945242408,0.2200863342514496,99.986967677044,97.82839430536899,0.0484379945242408,0.2200863342514496,100.00000025,99.0,97.82839430536899,2.171605694631012,1.8898246931952396,2.171605694631012,0.0,2.171605694631012,2.171605694631012,1.0,2.171605694631012,0.0,1.0,2.089280558379439,0.0,0.0
192,1,10858,2025-06-03 11:39:00,flight,100.0,0.0,0.0,0,1,14443,2888.586324,20.908744720625908,18.0,24.0,6.0,18.459724433981858,68.5,96.39999999999999,377.2409540954095,403.6,77.63061690784463,50.0,100.0,50.0,-0.030653603821920623,2.5300000000000153,0.0,0.0,0.0,6.461805880960323,0.5708333333333333,0.6601355388987707,0.0,1.0,0.0,1.2711307207643918,0.5,0.0,0.0,0.55,balanced,2.380810098455492,1.3094455541505208,1.3094455541505208,1.7146476592845645,0.00625,1.5625000000000004e-05,99.9925955549369,97.82836842532522,0.04842353083083495,0.22005347266252118,99.9925955549369,97.82836842532522,0.04842353083083495,0.22005347266252118,1.3032479238568333,99.986967677044,97.82836842532522,2.1716315746747767,1.6584359447335584,2.1716186346528943,1.2940021882457131e-05,2.1716315746747767,2.171605694631012,2.0,2.1716186346528943,1.8299954443575503e-05,2.0,2.2350453284174656,0.5,0.0
192,1,10859,2025-06-03 12:30:00,charge,99.0,1.0,1.0,1,1,14601,2919.996447,22.86350249982878,0.0,24.0,24.0,17.817498801451958,26.4,27.5,392.5629751386891,404.2,80.72364906513252,50.0,100.0,50.0,-0.9920101362920346,1.7500000000000142,9597.0,9611.0,0.0,0.5005756620112646,0.6599999999999999,0.133304587981015,0.0,1.0,1.0,1.073402027258414,1.5,0.75,0.0,0.55,balanced,3.70534244336993,2.0379383438534617,2.0379383438534617,4.15319269334819,0.035416666666666666,8.854166666666669e-05,99.84239153238849,97.82810963215766,0.048346560011813255,0.21987851193741798,99.84239153238849,97.82810963215766,0.048346560011813255,0.21987851193741798,0.7405419273277203,99.9925955549369,97.82810963215766,1.1718903678423374,0.5750372043280041,1.8383758790493754,0.4712764246555124,2.1716315746747767,1.1718903678423374,2.0,1.8383758790493754,0.5771933841046034,2.0,2.7251443667349537,2.0,0.3333333333333333
192,1,10860,2025-06-03 13:41:00,flight,99.0,0.0,0.0,0,1,18895,3779.3811240000005,23.781159036782217,0.0,26.0,26.0,19.181651230484256,66.0,99.8,368.425927494046,399.4,66.06165652288965,30.0,100.0,70.0,-0.1242503307753376,0.3300000000000125,9597.0,9597.0,0.0,5.002412414782704,0.55,0.588651091988825,0.0,1.0,0.0,0.18985006615507377,0.5,0.0,0.0,0.55,balanced,2.017415456642052,1.1095785011531287,1.1095785011531287,1.2311644502212238,0.049305555555555554,0.0001232638888888889,99.55766245180932,97.82771457057719,0.04824223825115753,0.21964115791708422,99.55766245180932,97.82771457057719,0.04824223825115753,0.21964115791708422,0.6286030569494039,99.84239153238849,97.82771457057719,1.1722854294228142,1.0565141882296,1.671853266642735,0.4997653876122861,2.1716315746747767,1.1718903678423374,2.0,1.671853266642735,0.5770793621392221,2.0,2.5482121392117283,2.5,0.25
192,1,10861,2025-06-03 14:30:00,flight,99.0,0.0,0.0,1,1,10917,2183.192367,27.214711001190803,0.0,29.0,29.0,25.31453696070349,27.6,28.2,376.74889621690943,398.0,56.72858844004763,30.0,83.0,53.0,-0.25202070165796464,0.25,9587.0,9597.0,0.0,0.5005787942333456,0.23,0.13330527358765684,0.0,0.0,0.0,0.17540414033159293,1.5,0.0,0.0,0.55,balanced,2.1209433515345406,1.1665188433439975,1.1665188433439975,1.3607662118766177,0.034027777777777775,8.506944444444446e-05,99.42704233068751,97.82736092134787,0.04817687752978417,0.21949231770106253,99.42704233068751,97.82736092134787,0.04817687752978417,0.21949231770106253,0.41621973898380704,99.55766245180932,97.82736092134787,1.172639078652125,1.0052465807501085,1.572010429044613,0.4895781071522569,2.1716315746747767,1.1718903678423374,2.0,1.572010429044613,0.5473649639440612,2.0,2.4627583816762906,4.0,0.2
192,1,10862,2025-06-03 14:30:00,charge,99.0,0.0,99.0,0,0,11991,2397.993809,28.190309398715705,28.0,29.0,1.0,7.374022183304144,7.7,8.1,396.5984738553916,404.3,91.48436327245435,83.0,100.0,17.0,-0.3518388791593695,0.0800000000000125,0.0,0.0,0.0,0.5003928083543396,0.1925,0.13326456098159972,0.0,1.0,0.0,0.11036777583188015,0.0,0.75,0.0,0.55,balanced,1.4826661571422037,0.8154663864282121,0.8154663864282121,0.6649854273942861,0.0001,2.5000000000000004e-07,99.28867801097375,97.8273596666149,0.048176703106062396,0.21949192036624582,99.28867801097375,97.8273596666149,0.048176703106062396,0.21949192036624582,0.31872970154745145,99.42704233068751,97.8273596666149,1.1726403333851039,1.4379995949573512,1.3722173567954314,0.39970720464198833,2.1716315746747767,1.1718903678423374,1.0,1.5054487464346948,0.5160130507593462,2.0,2.3414355014288435,4.0,0.2
192,1,10941,2025-06-06 18:57:00,flight,99.0,0.0,99.0,0,1,14803,2960.580228,25.555090184422077,23.0,28.0,5.0,18.133594541646964,79.18999999999997,94.0,376.8383638451665,398.4,76.64236978990745,48.0,100.0,52.0,-0.17739377153279717,0.6700000000000017,0.0,0.0,0.0,7.4963118151565915,0.6599166666666664,0.7027808823880299,0.0,1.0,0.0,0.3704787543065603,0.5,0.0,0.0,0.55,balanced,2.172214312580513,1.1947178719192821,1.1947178719192821,1.4273507934833383,3.185416666666667,0.007963541666666669,99.24960707555135,97.77334822374915,0.04354593249011096,0.20867662181018495,99.24960707555135,97.77334822374915,0.04354593249011096,0.20867662181018495,0.22342287595056423,99.28867801097375,97.77334822374915,1.226651776250847,1.0267292430138875,1.1832213971106456,0.0217169510720635,1.226651776250847,1.1718903678423374,0.0,1.4656206078370022,0.4826957511353006,2.0,2.2997163442538477,4.0,0.2
192,1,10942,2025-06-06 19:50:00,charge,99.0,0.0,0.0,1,1,6972,1394.1931570000002,28.13783706253586,26.0,29.0,3.0,24.489615605278253,26.8,27.8,382.05672690763055,396.3,64.47791164658635,48.0,81.0,33.0,-0.11311675272518645,0.1600000000000037,-2.0,2.0,0.0,0.5005055106157693,0.67,0.13328923228913933,0.0,0.0,0.0,0.10262335054503914,1.5,0.75,0.0,0.55,balanced,2.4691026980791673,1.3580064839435422,1.3580064839435422,1.844181610432702,0.03680555555555556,9.201388888888891e-05,99.22592902355056,97.7726450784538,0.043495366698124704,0.20855542835928464,99.22592902355056,97.7726450784538,0.043495366698124704,0.20855542835928464,0.19327586772375666,99.24960707555135,97.7726450784538,1.227354921546194,0.9037916505244169,1.194314307851417,0.02669172992011684,1.227354921546194,1.1722854294228142,0.0,1.4358373970506513,0.45475980301852104,2.0,2.052468395195695,4.0,0.0
192,1,10953,2025-06-08 17:15:00,charge,99.0,0.0,0.0,0,0,8734,1746.5960960000002,23.556331577742156,0.0,24.0,24.0,11.725177467368905,23.9,24.599999999999998,400.72044882070077,404.2,93.31245706434623,81.0,100.0,19.0,-0.9173540187771926,1.450000000000017,9585.0,9585.0,0.0,0.5042035449573286,0.5974999999999999,0.13409773140603984,0.0,1.0,0.0,0.908470803755447,0.0,0.75,0.0,0.55,balanced,1.92493033368905,1.0587116835289776,1.0587116835289776,1.120870428840762,1.8923611111111112,0.004730902777777779,99.19471651506242,97.7333442474108,0.0410208066987168,0.20253593927675353,99.19471651506242,97.7333442474108,0.0410208066987168,0.20253593927675353,0.17967237017914275,99.22592902355056,97.7333442474108,1.2666557525892017,1.1964123682541117,1.2131883724846944,0.036136142001227646,1.2666557525892017,1.172639078652125,0.0,1.4170394365549346,0.42911063667246735,2.0,2.0339713706050953,3.5,0.0
192,1,10952,2025-06-08 18:40:00,flight,99.0,0.0,0.0,0,1,13214,2643.1860610000003,24.18873921598305,0.0,26.0,26.0,21.941985772665358,69.1,90.5,372.19294687452697,400.7,71.79158468291206,45.0,100.0,55.0,-0.27790449523232963,0.5600000000000165,9585.0,9585.0,0.0,6.521383618808781,0.5758333333333333,0.6627476572020232,0.0,1.0,0.0,0.33558089904647415,0.5,0.0,0.0,0.55,balanced,2.103689999261418,1.1570294995937802,1.1570294995937802,1.3387172629302335,0.059027777777777776,0.00014756944444444447,99.17451142718058,97.73195158695515,0.04095131800143158,0.20236431998114582,99.17451142718058,97.73195158695515,0.04095131800143158,0.20236431998114582,0.15499787253735298,99.19471651506242,97.73195158695515,1.268048413044852,1.0959516706272823,1.2322702393632397,0.034853678129442525,1.268048413044852,1.1726403333851039,0.0,1.4021403342039265,0.40730359965421453,2.0,2.0305207001504706,2.5,0.0
192,1,10959,2025-06-08 19:30:00,charge,99.0,0.0,0.0,1,1,14765,2952.7926159999997,27.355841517101254,0.0,29.0,29.0,19.477196071791397,26.8,27.9,390.07825262444976,404.2,77.3683711479851,45.0,100.0,55.0,-0.20400880460548595,0.3300000000000125,9582.0,9585.0,0.0,0.5007611569585846,0.67,0.13334518818032237,0.0,1.0,0.0,0.20580176092110344,1.5,0.75,0.0,0.55,balanced,2.6500786035484594,1.4575432319516528,1.4575432319516528,2.1244322730080696,0.034722222222222224,8.680555555555557e-05,99.16379440125057,97.73105015170022,0.04091565399269961,0.2022761824652117,99.16379440125057,97.73105015170022,0.04091565399269961,0.2022761824652117,0.1390010622007893,99.17451142718058,97.73105015170022,1.2689498482997834,0.8706087205390521,1.2515321423461756,0.020042244823922216,1.2689498482997834,1.226651776250847,0.0,1.3900321082126406,0.38848333370347965,2.0,2.2640031894317216,4.0,0.0
192,1,10958,2025-06-08 20:25:00,flight,99.0,0.0,0.0,0,1,15045,3008.784838,26.838883349950148,0.0,29.0,29.0,19.646055167829847,74.45999999999985,94.7,373.3304287138584,401.7,71.68993020937188,44.0,100.0,56.0,-0.013659687603855478,0.5100000000000051,9582.0,9582.0,0.0,7.430445610169372,0.6204999999999987,0.7002246408979179,0.0,1.0,0.0,0.25773193752077367,0.5,0.0,0.0,0.55,balanced,2.1176594376153988,1.1647126906884695,1.1647126906884695,1.3565556518507744,0.03819444444444445,9.548611111111114e-05,99.14941418983399,97.73000153787672,0.0408800115796767,0.2021880599335102,99.14941418983399,97.73000153787672,0.0408800115796767,0.2021880599335102,0.13056027070548934,99.16379440125057,97.73000153787672,1.269998462123283,1.0903963460487223,1.2602014795206629,0.016459910095491217,1.269998462123283,1.227354921546194,0.0,1.3800293043718608,0.37202155470679515,2.0,2.253092214438699,4.0,0.0
192,1,10963,2025-06-10 11:55:00,charge,99.0,0.0,0.0,0,0,7364,1473.8015349999998,20.798071700162954,0.0,22.0,22.0,10.059451385116787,23.9,24.5,400.9796985334058,404.2,94.93087995654535,86.0,100.0,14.0,-1.0939815317762087,1.5900000000000034,9577.0,9577.0,0.0,0.5044283767238712,0.5974999999999999,0.134146822129352,0.0,1.0,0.0,1.0137963063552435,0.0,0.75,0.0,0.55,balanced,1.9565476207583137,1.0761011914170726,1.0761011914170726,1.1579937741692432,1.6458333333333333,0.004114583333333334,99.13504516591571,97.68096376913329,0.03949671017991835,0.19873779253055607,99.13504516591571,97.68096376913329,0.03949671017991835,0.19873779253055607,0.12321240916270998,99.14941418983399,97.68096376913329,1.3190362308667147,1.225754828065687,1.278537741384767,0.020278965955861216,1.3190362308667147,1.2666557525892017,0.0,1.3753375294868495,0.3565850060032722,2.0,2.1505811989745283,2.5,0.0
192,1,10964,2025-06-10 12:36:00,flight,99.0,0.0,0.0,0,1,17438,3487.386489,18.888003211377452,0.0,21.0,21.0,14.81688840463356,63.9,91.9,379.8184080743205,400.8,80.98606491570135,50.0,100.0,50.0,-0.7204627824291778,1.6600000000000108,9577.0,9577.0,0.0,5.0062227382511155,0.5325,0.5888595310107001,0.0,1.0,0.0,0.9740925564858409,0.5,0.0,0.0,0.55,balanced,2.244021579350032,1.2342118686425176,1.2342118686425176,1.5232789366980553,0.02847222222222222,7.118055555555557e-05,99.12583947063503,97.68003435677352,0.039475990876805325,0.19868565845778935,99.12583947063503,97.68003435677352,0.039475990876805325,0.19868565845778935,0.1114343667210755,99.13504516591571,97.68003435677352,1.3199656432264817,1.0694805946715475,1.289199719512223,0.024750284065084813,1.3199656432264817,1.268048413044852,0.0,1.3713823947539663,0.34291526656838905,2.0,2.2143994481067244,3.0,0.0
192,1,10965,2025-06-10 13:35:00,charge,99.0,1.0,1.0,1,1,6696,1338.995499,20.354091995221026,18.0,22.0,4.0,23.361424731182797,25.3,26.1,382.6087066905615,397.3,64.64695340501792,50.0,80.0,30.0,-0.9883691756272402,0.6400000000000077,9562.0,9577.0,0.0,0.5008464304674567,0.6325000000000001,0.13336385073254808,0.0,0.0,1.0,0.517673835125452,1.5,0.75,0.0,0.55,balanced,3.3748976908306547,1.8561937299568603,1.8561937299568603,3.4454551631311614,0.04097222222222222,0.00010243055555555557,99.12215438450846,97.67860815065421,0.03945137941944103,0.19862371313476404,99.12215438450846,97.67860815065421,0.03945137941944103,0.19862371313476404,0.10394059183769891,99.12583947063503,97.67860815065421,1.3213918493457868,0.7118825088243872,1.29986840677241,0.024830359744385327,1.3213918493457868,1.2689498482997834,0.0,1.3680496917267542,0.330693415587599,2.0,2.4686409864205716,4.0,0.2
192,1,11018,2025-06-12 16:15:00,charge,98.0,0.0,0.0,0,0,8233,1646.397653,22.698651767278026,0.0,23.0,23.0,12.261702902951537,23.9,24.7,400.0678367545245,404.2,92.42098870399612,80.0,100.0,20.0,-1.4758423417952145,1.8400000000000034,9562.0,9562.0,0.0,0.5033320582255113,0.5974999999999999,0.13390737792162463,0.0,1.0,0.0,1.2151684683590447,0.0,0.75,0.0,0.55,balanced,2.0168634916763635,1.109274920422,1.109274920422,1.2304908490772346,2.111111111111111,0.005277777777777779,99.03301894465642,97.60309815666126,0.0381327737851236,0.1952761475068668,99.03301894465642,97.60309815666126,0.0381327737851236,0.1952761475068668,0.1061745707895929,99.12215438450846,97.60309815666126,0.396901843338739,0.3578029540122895,1.125458805780201,0.3647963395252367,1.3213918493457868,0.396901843338739,0.0,1.3073529512025033,0.4012643788531674,2.0,2.341997964046153,2.5,0.2
192,1,11019,2025-06-12 17:12:00,flight,98.0,0.0,0.0,0,1,16678,3335.379051,23.508454251109246,0.0,26.0,26.0,20.194094016069073,69.41499999999996,99.5,372.0029380021585,399.5,71.95790862213694,35.0,100.0,65.0,-0.5626681856337691,1.0100000000000193,9562.0,9562.0,0.0,6.514514458989495,0.5784583333333331,0.6624475440041512,0.0,1.0,0.0,0.6175336371267635,0.5,0.0,0.0,0.55,balanced,2.1894682754063557,1.2042075514734958,1.2042075514734958,1.450115827025792,0.03958333333333333,9.895833333333334e-05,98.9677261221592,97.60165042469892,0.03811096986503616,0.19522031109758062,98.9677261221592,97.60165042469892,0.03811096986503616,0.19522031109758062,0.09783982588290568,99.03301894465642,97.60165042469892,0.39834957530108284,0.3307981043746597,0.951129028415761,0.4519344224702389,1.3213918493457868,0.396901843338739,0.0,1.2538821643847726,0.44671569102429615,2.0,2.3563597316043436,2.5,0.2
192,1,11020,2025-06-12 18:20:00,charge,98.0,0.0,1.0,1,1,9691,1937.9920250000002,26.42286657723661,0.0,28.0,28.0,24.62602414611495,27.3,28.5,377.60232174182227,396.8,58.59384996388402,35.0,81.0,46.0,-0.6931142296976577,0.3100000000000094,9531.0,9562.0,0.0,0.5006146296146636,0.6825,0.1333131174300813,0.0,0.0,0.0,0.29362284593953625,1.5,0.75,0.0,0.55,balanced,2.532662100753893,1.3929641554146412,1.3929641554146412,1.9403491382700249,0.04722222222222222,0.00011805555555555557,98.92402210547208,97.59989087578104,0.0380910017582797,0.19516916190392297,98.92402210547208,97.59989087578104,0.0380910017582797,0.19516916190392297,0.0917738337812756,98.9677261221592,97.59989087578104,0.4001091242189574,0.28723576458423483,0.7673436070862095,0.4517976163741694,1.3213918493457868,0.396901843338739,0.0,1.2064503288200052,0.47782047572531533,2.0,2.4715826276034596,4.0,0.2
192,1,10996,2025-06-13 12:20:00,charge,97.0,0.0,0.0,0,0,8674,1734.600215,19.92794558450542,0.0,21.0,21.0,11.241964491584046,24.0,24.7,400.70347014065027,404.2,92.50680193682268,81.0,100.0,19.0,-1.2089059257551307,1.9400000000000261,9531.0,9531.0,0.0,0.504372404385827,0.6,0.13413460157711296,0.0,1.0,0.0,1.2117811851510392,0.0,0.75,0.0,0.55,balanced,2.0171881961761566,1.1094535078968863,1.1094535078968863,1.2308870861847065,0.75,0.0018750000000000004,98.7936001360683,97.57155846502563,0.03782338653389536,0.19448235532792008,98.7936001360683,97.57155846502563,0.03782338653389536,0.19448235532792008,0.0895041847207853,98.92402210547208,97.57155846502563,-0.5715584650256318,-0.5151711729760495,0.6176621714460395,0.5987153554510987,1.3213918493457868,-0.5715584650256318,0.0,1.1730349675676697,0.6180723247911782,2.0,2.4262159509686847,3.5,0.2
192,1,10997,2025-06-13 13:14:00,flight,97.0,0.0,0.0,0,1,13794,2764.788629,19.124401913875598,0.0,21.0,21.0,21.981839930404522,69.5,90.6,369.09503407278527,399.7,69.65977961432507,41.0,100.0,59.0,-0.9107198782079163,1.4800000000000182,9531.0,9531.0,0.0,6.991896405642706,0.5791666666666667,0.6826778654190151,0.0,1.0,0.0,0.9221439756415923,0.5,0.0,0.0,0.55,balanced,2.289297672193417,1.2591137197063793,1.2591137197063793,1.5853673591528348,0.0375,9.375000000000002e-05,98.70382782496007,97.57018537699925,0.03781457578585501,0.1944597022157933,98.70382782496007,97.57018537699925,0.03781457578585501,0.1944597022157933,0.08353079442756092,98.7936001360683,97.57018537699925,-0.5701853769992482,-0.4528466079554858,0.46742087697673185,0.474871827262067,0.4001091242189574,-0.5715584650256318,0.0,1.1428924880392486,0.7096064789954705,2.0,2.209095947241237,2.5,0.0
192,1,10998,2025-06-13 14:05:00,charge,97.0,0.0,0.0,1,1,16618,3323.389059,20.81122878806114,0.0,22.0,22.0,18.26335299073294,25.6,26.299999999999997,388.6639547478638,404.2,74.7501504392827,41.0,100.0,59.0,-0.7084859790588518,1.6700000000000017,9522.0,9531.0,0.0,0.5006944632285788,0.64,0.13333059117059368,0.0,1.0,0.0,0.9766971958117712,1.5,0.75,0.0,0.55,balanced,2.8663413952117685,1.5764877673664728,1.5764877673664728,2.485313680656126,0.035416666666666666,8.854166666666669e-05,98.6510548811424,97.56892041609856,0.03781037225688629,0.1944488936890264,98.6510548811424,97.56892041609856,0.03781037225688629,0.1944488936890264,0.07943849761542024,98.70382782496007,97.56892041609856,-0.5689204160985639,-0.360878420927393,0.5018245915286969,0.4749330020405866,0.4001091242189574,-0.5715584650256318,0.0,1.1155604846135017,0.7745382302740283,2.0,2.378991527948318,4.0,0.0
192,1,10999,2025-06-13 15:35:00,flight,97.0,0.0,0.0,0,1,14200,2839.7828959999997,20.793028169014086,19.0,23.0,4.0,17.058021126760565,63.9,98.4,378.61307746478866,399.2,79.74591549295775,53.0,100.0,47.0,-0.5102457746478872,1.0800000000000125,0.0,0.0,0.0,6.029611355723206,0.5325,0.6405377068173944,0.0,1.0,0.0,0.6420491549295837,0.5,0.0,0.0,0.55,balanced,2.1650798292058324,1.190793906063208,1.190793906063208,1.4179901267172723,0.0625,0.00015625000000000003,98.56587605726354,97.5667238998002,0.03780745585322744,0.1944413943923141,98.56587605726354,97.5667238998002,0.03780745585322744,0.1944413943923141,0.07713428575994073,98.6510548811424,97.5667238998002,-0.5667238998001949,-0.47592106149904406,0.5354994564285193,0.3877857291728411,0.4001091242189574,-0.5715584650256318,0.0,1.0906133671219878,0.8223579914976867,2.0,2.3741138387082135,4.0,0.0
192,1,11000,2025-06-13 16:30:00,charge,97.0,0.0,97.0,1,1,8378,1675.392101,22.364526139890188,20.0,24.0,4.0,23.48139174027214,26.0,26.9,388.42618763428027,401.5,71.93112914776796,53.0,91.0,38.0,-0.6148245404631177,1.8100000000000094,0.0,0.0,0.0,0.5004839680051589,0.65,0.13328451660535498,0.0,0.1,0.0,1.0279649080926283,1.5,0.75,0.0,0.55,balanced,2.7517032790699303,1.5134368034884618,1.5134368034884618,2.290490958153373,0.03819444444444445,9.548611111111114e-05,98.51735086455754,97.56541974693478,0.03781060660397044,0.19444949628109207,98.51735086455754,97.56541974693478,0.03781060660397044,0.19444949628109207,0.07325037190269847,98.56587605726354,97.56541974693478,-0.5654197469347793,-0.3735998395383874,0.5685615809716836,0.0022358436181390672,-0.5654197469347793,-0.5715584650256318,0.0,1.067778861896457,0.8583820394989268,2.0,2.417922074371421,4.0,0.0
192,1,11001,2025-06-13 20:00:00,charge,97.0,0.0,0.0,0,0,10923,2184.3897779999998,24.344593976013915,0.0,25.0,25.0,4.795770392749245,9.5,9.799999999999999,401.3095761237755,404.2,97.78082944246086,91.0,100.0,9.0,-1.1089352741920726,2.260000000000005,9522.0,9522.0,0.0,0.503217953005256,0.2375,0.13388244645093017,0.0,1.0,0.0,1.351787054838417,0.0,0.75,0.0,0.55,balanced,1.8778390950318968,1.0328115022675433,1.0328115022675433,1.0666995992161394,0.14583333333333334,0.0003645833333333334,98.42222684264235,97.5605302534904,0.03783356852573768,0.19450853072741484,98.42222684264235,97.5605302534904,0.03783356852573768,0.19450853072741484,0.0713449873187909,98.51735086455754,97.5605302534904,-0.5605302534903984,-0.5427227061857379,0.566355938664637,0.0033523603794799023,-0.5605302534903984,-0.5701853769992482,0.0,1.0466435032128711,0.8855854593985358,2.0,2.390052254142569,4.0,0.0
192,1,11002,2025-06-13 21:49:00,flight,97.0,0.0,0.0,0,1,14247,2852.9864159999997,22.16508738681828,0.0,25.0,25.0,17.763711658594794,66.7,98.1,376.3802484733628,401.7,75.47975012283288,52.0,100.0,48.0,-0.29123183828174365,1.1700000000000088,9522.0,9522.0,0.0,6.5052774077998174,0.5558333333333334,0.6620435449883234,0.0,1.0,0.0,0.6432463676563531,0.5,0.0,0.0,0.55,balanced,2.185707994958902,1.2021393972273962,1.2021393972273962,1.4451391303662473,0.07569444444444444,0.00018923611111111113,98.35915536590582,97.55809181351961,0.03785822370412953,0.19457189854685986,98.35915536590582,97.55809181351961,0.03785822370412953,0.19457189854685986,0.06706154522753335,98.42222684264235,97.55809181351961,-0.55809181351961,-0.4642488340426976,0.5639372259687093,0.00401427232500242,-0.55809181351961,-0.5689204160985639,0.0,1.0271014356251407,0.9063105224792164,2.0,2.369334318695666,4.0,0.0
192,1,11003,2025-06-13 22:40:00,charge,97.0,0.0,0.0,1,1,6110,1221.7961369999998,21.602454991816693,0.0,23.0,23.0,23.910016366612112,25.9,26.2,383.823240589198,397.0,65.69001636661211,52.0,80.0,28.0,-0.313340425531915,1.0000000000000142,9529.0,9529.0,0.0,0.5002866642616675,0.6475,0.1332413236081062,0.0,0.0,0.0,0.5626680851063901,1.5,0.75,0.0,0.55,balanced,2.5958469549751597,1.427715825236338,1.427715825236338,2.038372477630278,0.035416666666666666,8.854166666666669e-05,98.31766985449887,97.55698508557539,0.037874239787710394,0.1946130514320928,98.31766985449887,97.55698508557539,0.037874239787710394,0.1946130514320928,0.06417610935213959,98.35915536590582,97.55698508557539,-0.5569850855753913,-0.3901232134085159,0.5615501598640747,0.003887970183400328,-0.5569850855753913,-0.5667238998001949,0.0,1.0090200375463043,0.9221179283592192,2.0,2.315235430648344,4.0,0.0
192,1,11017,2025-06-14 07:30:00,charge,97.0,0.0,0.0,0,0,9297,1859.1958679999998,22.732064106701085,20.0,24.0,4.0,10.989641819941918,23.9,24.7,400.3566311713456,404.2,92.94923093471012,80.0,100.0,20.0,-1.111881252016778,2.0600000000000165,0.0,0.0,0.0,0.5034929825760823,0.5974999999999999,0.13394253594283065,0.0,1.0,0.0,1.2523762504033638,0.0,0.75,0.0,0.55,balanced,2.0280398894981415,1.115421939223978,1.115421939223978,1.2441661025021795,0.3680555555555556,0.0009201388888888892,98.2540318019243,97.54573522303859,0.03806903040931835,0.1951128658221142,98.2540318019243,97.54573522303859,0.03806903040931835,0.1951128658221142,0.06313740028047374,98.31766985449887,97.54573522303859,-0.5457352230385908,-0.4892634830351912,0.5573524245117539,0.00649340114519155,-0.5457352230385908,-0.5654197469347793,0.0,0.9918613407126853,0.9335799223876009,2.0,2.287827442706806,3.5,0.0
192,1,11016,2025-06-14 20:30:00,flight,97.0,0.0,97.0,0,1,15097,3019.1853940000005,23.48406968271842,0.0,25.0,25.0,21.892727031860634,71.0,99.8,370.34380340465,400.6,69.40445121547327,36.0,100.0,64.0,-0.38465456713254187,1.0400000000000063,9529.0,9529.0,0.0,7.476384625979967,0.5916666666666667,0.7020096127840535,0.0,1.0,0.0,0.5969309134265115,0.5,0.0,0.0,0.55,balanced,2.205716452474908,1.2131440488611995,1.2131440488611995,1.4717184832873444,0.5416666666666666,0.001354166666666667,98.20377576473955,97.52977280692737,0.038419554146577425,0.19600906649075553,98.20377576473955,97.52977280692737,0.038419554146577425,0.19600906649075553,0.06144228932668603,98.2540318019243,97.52977280692737,-0.5297728069273688,-0.4366940656591245,0.5502230365102718,0.011421331277984784,-0.5297728069273688,-0.5605302534903984,0.0,0.9753581787917811,0.9414016687273894,2.0,2.1786300773878016,2.5,0.0
192,1,11126,2025-07-01 15:09:00,charge,97.0,0.0,97.0,0,1,14490,3531.782048,27.00752242926156,0.0,29.0,29.0,9.09423740510697,30.5,44.8,374.5593512767426,401.1,70.47432712215321,32.0,100.0,68.0,-0.32672187715665896,0.910000000000025,9518.0,9518.0,0.0,3.4862886520672425,0.7625,0.4930250342444253,0.0,1.0,0.0,0.5203443754313443,0.5,0.75,0.0,0.55,balanced,2.3345633263271734,1.2840098294799456,1.2840098294799456,1.648681242201119,16.777083333333334,0.04194270833333334,98.13433818777406,97.0504657332349,0.040722162113820175,0.20179732930299196,98.13433818777406,97.0504657332349,0.040722162113820175,0.20179732930299196,0.10092266299483774,98.20377576473955,97.0504657332349,-0.05046573323490122,-0.03930322967647455,0.4482101324591724,0.19913321899236633,-0.05046573323490122,-0.55809181351961,0.0,0.9434653358415438,0.9317241448661469,2.0,2.269974923646857,3.0,0.0
192,1,11127,2025-07-01 15:10:00,flight,97.0,0.0,97.0,0,1,411,82.00063800000001,26.934306569343065,0.0,27.0,27.0,0.0,0.0,0.0,349.6,349.6,32.0,32.0,32.0,0.0,-0.5990510948905103,0.0799999999999983,9518.0,9518.0,0.0,0.0,0.0,0.0,0.0,0.0,0.0,0.15981021897810122,0.5,0.0,0.0,0.55,balanced,1.3479430656934304,0.7413686861313867,0.7413686861313867,0.5496275287761786,0.0006944444444444445,1.7361111111111116e-06,97.96701428035658,97.05044594668672,0.04072191278502971,0.20179671153175344,97.96701428035658,97.05044594668672,0.04072191278502971,0.20179671153175344,0.09510286208507163,98.13433818777406,97.05044594668672,-0.050445946686721754,-0.06804434504775082,0.3466809590925948,0.2420213597843623,-0.050445946686721754,-0.5569850855753913,0.0,0.9136980228697165,0.922150476188058,2.0,2.1024219377937627,3.0,0.0
192,1,11128,2025-07-01 16:00:00,charge,97.0,0.0,0.0,1,1,17506,3500.9915220000003,30.67222666514338,0.0,32.0,32.0,20.034034045470126,27.4,28.7,386.0011824517309,404.2,72.40546098480522,32.0,100.0,68.0,-0.5367234091168741,0.36000000000001364,9497.0,9518.0,0.0,0.5004328744362626,0.6849999999999999,0.1332733319374146,0.0,1.0,0.0,0.28734468182338163,1.5,0.75,0.0,0.55,balanced,2.68201273732198,1.4751070055270892,1.4751070055270892,2.175940677755096,0.034722222222222224,8.680555555555557e-05,97.93224222314338,97.04946458647025,0.040722262030337124,0.20179757686933986,97.93224222314338,97.04946458647025,0.040722262030337124,0.20179757686933986,0.0811612388508967,97.96701428035658,97.04946458647025,-0.04946458647025054,-0.03353288018083524,0.24517685927156663,0.238941845684704,-0.04946458647025054,-0.5457352230385908,0.0,0.8858195249213465,0.9126879834456348,2.0,2.1196550942631265,3.0,0.0
192,1,11129,2025-07-01 17:59:00,flight,97.0,0.0,97.0,0,1,17225,3445.5828559999995,29.669085631349784,0.0,32.0,32.0,17.757044992743104,69.5,91.6,374.0759013062409,399.4,72.32383164005806,41.0,100.0,59.0,-0.010725689404934527,0.5100000000000051,9497.0,9497.0,0.0,6.00378238290405,0.5791666666666667,0.6393286248842175,0.0,1.0,0.0,0.25714513788098947,0.5,0.0,0.0,0.55,balanced,2.072458324651317,1.1398520785582245,1.1398520785582245,1.2992627609935048,0.08263888888888889,0.00020659722222222225,97.87915866267541,97.04713364562784,0.04073045438764988,0.20181787430168288,97.87915866267541,97.04713364562784,0.04073045438764988,0.20181787430168288,0.07844942700911112,97.93224222314338,97.04713364562784,-0.04713364562783795,-0.041350668665232716,0.14545654378941605,0.1921619660269904,-0.04713364562783795,-0.5297728069273688,0.0,0.8596105911934244,0.903333240651053,2.0,2.128538781293762,3.5,0.0
192,1,11130,2025-07-01 19:00:00,charge,97.0,0.0,0.0,1,1,8831,1765.993226,30.582719963764013,0.0,32.0,32.0,24.587430642056393,27.0,28.0,379.66702525195336,397.3,61.754501188993316,41.0,83.0,42.0,0.07488732872834336,0.11000000000001364,9499.0,9499.0,0.0,0.5008227265370065,0.675,0.13335866311013395,0.0,0.0,0.0,0.0699774657456755,1.5,0.75,0.0,0.55,balanced,2.461836704967756,1.354010187732266,1.354010187732266,1.833343588482766,0.04236111111111111,0.0001059027777777778,97.84501047002183,97.04594263545812,0.04074109147125771,0.20184422575654154,97.84501047002183,97.04594263545812,0.04074109147125771,0.20184422575654154,0.0740882773417913,97.87915866267541,97.04594263545812,-0.045942635458118275,-0.03393079008885767,0.04869050949556595,0.0018334018134599302,-0.045942635458118275,-0.05046573323490122,0.0,0.8349539864741727,0.8941279565931495,2.0,2.1797628317923317,4.5,0.0
192,1,11133,2025-07-02 16:01:00,flight,97.0,0.0,97.0,0,1,17520,3503.7794,28.38595890410959,27.0,30.0,3.0,16.023407534246573,63.4,91.0,378.83316210045655,402.9,77.55348173515982,47.0,100.0,53.0,-0.1850633561643838,0.8300000000000125,0.0,0.0,0.0,6.506861486623877,0.5283333333333333,0.6621128628301349,0.0,1.0,0.0,0.452012671232883,0.5,0.0,0.0,0.55,balanced,2.1146156131685854,1.163038587242722,1.163038587242722,1.3526587554155467,0.8756944444444444,0.0021892361111111114,97.80151745464306,97.02137677814828,0.04102807589490025,0.20255388392943802,97.80151745464306,97.02137677814828,0.04102807589490025,0.20255388392943802,0.07339978401059737,97.84501047002183,97.02137677814828,-0.021376778148280096,-0.01838011084306254,0.04287271847824172,0.010867031335454084,-0.021376778148280096,-0.050445946686721754,0.0,0.8110252450528229,0.88468454352477,2.0,2.1357732891606136,4.5,0.0
192,1,11134,2025-07-02 17:05:00,charge,97.0,0.0,0.0,1,1,14655,2930.793512,30.89007164790174,0.0,32.0,32.0,18.777318321392016,26.3,27.2,390.3345547594678,404.2,78.5078812691914,47.0,100.0,53.0,-0.03558034800409418,0.0800000000000125,9497.0,9499.0,0.0,0.5011208821361094,0.6575,0.13342390871439685,0.0,1.0,0.0,0.04711606960082509,1.5,0.75,0.0,0.55,balanced,2.5962543843660058,1.4279399114013034,1.4279399114013034,2.039012390572762,0.044444444444444446,0.00011111111111111114,97.77501249993368,97.02013173404185,0.04104784722020645,0.20260268315154775,97.77501249993368,97.02013173404185,0.04104784722020645,0.20260268315154775,0.06973297987920356,97.80151745464306,97.02013173404185,-0.020131734041854088,-0.014098446216898501,0.03680987594926819,0.013164118961870261,-0.020131734041854088,-0.04946458647025054,0.0,0.7884282875953667,0.8754485491359079,2.0,2.385435552895129,5.5,0.0
192,1,11135,2025-07-02 19:40:00,flight,97.0,0.0,0.0,0,1,16387,3281.7854070000003,30.164337584670776,0.0,32.0,32.0,21.826081650088486,66.9,90.6,369.6987123939708,399.8,67.91255263318484,31.0,100.0,69.0,-0.11063525965704517,0.7300000000000182,9497.0,9497.0,0.0,7.951525535607794,0.5575,0.7199237363172529,0.0,1.0,0.0,0.3871270519314181,0.5,0.0,0.0,0.55,balanced,2.1328576101063264,1.1730716855584795,1.1730716855584795,1.3760971794590122,0.1076388888888889,0.0002690972222222223,97.73867396382128,97.01711904971799,0.041105968883904914,0.2027460699592101,97.73867396382128,97.01711904971799,0.041105968883904914,0.2027460699592101,0.06769611425215527,97.77501249993368,97.01711904971799,-0.01711904971799072,-0.014593353440152832,0.030340768598816226,0.013302708971886188,-0.01711904971799072,-0.04713364562783795,0.0,0.7670030309876618,0.8663940729765581,2.0,2.275604527451998,4.5,0.0
192,1,11136,2025-07-02 20:40:00,charge,97.0,0.0,1.0,1,1,10434,2086.590228,32.004887866589996,29.0,34.0,5.0,24.640387195706342,27.6,28.3,375.44796818094693,395.9,56.347613571017824,31.0,81.0,50.0,-0.13766915852022213,0.060000000000002274,-6.0,6.0,0.0,0.50063831385016,0.6900000000000001,0.13331830146106183,0.0,0.0,0.0,0.057533831704045565,1.5,0.75,0.0,0.55,balanced,2.465587470095638,1.356073108552601,1.356073108552601,1.8389342757395144,0.041666666666666664,0.00010416666666666669,97.71359587009647,97.01595414519824,0.04113446713063343,0.202816338421325,97.71359587009647,97.01595414519824,0.04113446713063343,0.202816338421325,0.06462616734951647,97.73867396382128,97.01595414519824,-0.015954145198236347,-0.011764959497843695,0.024104868512895904,0.011093712584197125,-0.015954145198236347,-0.045942635458118275,0.0,0.7467044124528125,0.8575504433733155,2.0,2.3542303565408624,5.5,0.0
192,1,11132,2025-07-03 03:10:00,charge,97.0,0.0,0.0,0,0,11462,2292.193654,27.807886930727623,0.0,28.0,28.0,8.322797068574422,23.6,24.3,401.21457860757283,404.4,95.44224393648578,83.0,100.0,17.0,-0.16345838422613865,0.38000000000000966,9499.0,9499.0,0.0,0.5013511413258457,0.5900000000000001,0.1334742876305728,0.0,1.0,0.0,0.22269167684523256,0.0,0.75,0.0,0.55,balanced,1.7151972181057986,0.9433584699581893,0.9433584699581893,0.889925202841856,0.2708333333333333,0.0006770833333333335,97.66634211655575,97.00838814002967,0.0413470949477507,0.20333985085995981,97.66634211655575,97.00838814002967,0.0413470949477507,0.20333985085995981,0.06310918244537889,97.71359587009647,97.00838814002967,-0.008388140029666147,-0.008891784297052974,0.01659396942720548,0.004547785355279217,-0.008388140029666147,-0.021376778148280096,0.0,0.7272750368627297,0.8488279964830924,2.0,2.2049024591684705,4.0,0.0
192,1,11137,2025-07-03 11:30:00,charge,96.0,0.0,0.0,0,0,11492,2298.197858,23.989383919248173,0.0,27.0,27.0,8.09270797076227,9.5,10.1,396.54074138531143,404.2,88.97319874695441,81.0,98.0,17.0,-0.1752671423599024,0.8800000000000239,9491.0,9491.0,0.0,0.5007172775031239,0.2375,0.13333558451938424,0.0,0.8,0.0,0.4750534284719924,0.0,0.75,0.0,0.55,balanced,1.5846002623493511,0.8715301442921431,0.8715301442921431,0.7595647924098838,0.3472222222222222,0.0008680555555555557,97.54473025851352,96.99869631540727,0.04169333006627677,0.20418944651053045,97.54473025851352,96.99869631540727,0.04169333006627677,0.20418944651053045,0.05979819790499524,97.66634211655575,96.99869631540727,-0.9986963154072726,-1.1459113857942502,0.21205787687900396,0.3933382409318604,-0.008388140029666147,-0.9986963154072726,0.0,0.6964090005673681,0.8271002539843992,1.0,2.098899389004624,3.5,0.0
192,1,11138,2025-07-03 12:15:00,flight,96.0,0.0,0.0,0,1,11942,2388.1894020000004,23.83084910400268,0.0,25.0,25.0,16.694423044716128,84.7,93.4,380.4642187238319,399.6,82.07502930832356,61.0,100.0,39.0,-0.8801632892312842,3.420000000000009,9491.0,9491.0,0.0,6.506962449826269,0.7058333333333333,0.6621172803917447,0.0,1.0,0.0,1.8860326578462612,0.5,0.0,0.0,0.55,balanced,2.633573376177243,1.4484653568974837,1.4484653568974837,2.098051890132155,0.03125,7.812500000000002e-05,97.50491192575137,96.9979267720525,0.04173269730023535,0.2042858225629849,97.50491192575137,96.9979267720525,0.04173269730023535,0.2042858225629849,0.05551217110054189,97.54473025851352,96.9979267720525,-0.9979267720524945,-0.6889545319813427,0.40761688448113204,0.4823095495057218,-0.008388140029666147,-0.9986963154072726,0.0,0.6655220320773081,0.7958197607982747,0.0,2.1063631873668713,2.5,0.0
192,1,11139,2025-07-03 13:00:00,charge,96.0,0.0,0.0,0,1,12186,2436.996367,25.19309043164287,0.0,26.0,26.0,16.489422287871324,25.6,26.5,393.7715739373051,404.2,84.09568357131134,61.0,100.0,39.0,-1.7039471524700478,1.3200000000000074,9491.0,9491.0,0.0,0.500901121118604,0.64,0.13337581950872973,0.0,1.0,0.0,1.0007894304940133,0.5,0.75,0.0,0.55,balanced,2.2735871569516957,1.2504729363234328,1.2504729363234328,1.563682564477348,0.03125,7.812500000000002e-05,97.45453303938744,96.99719438842166,0.04177511946744854,0.20438962661409346,97.45453303938744,96.99719438842166,0.04177511946744854,0.20438962661409346,0.05415936530272205,97.50491192575137,96.99719438842166,-0.9971943884216614,-0.7974537948446561,0.6036319522218662,0.48293188919620583,-0.008388140029666147,-0.9986963154072726,0.0,0.6609247694609744,0.8055540299436036,0.0,2.1345090967359455,2.5,0.0
192,1,11141,2025-07-03 14:17:00,flight,96.0,0.0,0.0,0,1,17480,3495.781316,25.8954233409611,0.0,28.0,28.0,18.212608695652175,76.6,98.7,377.2930320366132,398.0,78.82036613272311,38.0,100.0,62.0,-1.1797877574370714,1.0100000000000051,9491.0,9491.0,0.0,6.022470006280219,0.6383333333333333,0.6402038575074525,0.0,1.0,0.0,0.7409575514874168,0.5,0.0,0.0,0.55,balanced,2.2475354751158725,1.23614451131373,1.23614451131373,1.5280532528510602,0.05347222222222222,0.0001336805555555556,97.40623675677347,96.99602644965178,0.041854738253467014,0.20458430598036353,97.40623675677347,96.99602644965178,0.041854738253467014,0.20458430598036353,0.05247999058013158,97.45453303938744,96.99602644965178,-0.9960264496517794,-0.8057524347159365,0.7996464131125748,0.3956301152255419,-0.008388140029666147,-0.9986963154072726,0.0,0.6562863752564736,0.8109989398676349,0.0,2.090898697739992,1.5,0.0
192,1,11140,2025-07-03 15:00:00,charge,96.0,1.0,96.0,1,1,25817,5163.185025999999,27.392338381686486,26.0,29.0,3.0,12.334926598752759,25.0,26.3,378.34777472208236,404.2,65.64356819150173,38.0,100.0,62.0,-1.3581399852810165,0.6000000000000085,-47.0,47.0,0.0,0.5005731562628796,0.625,0.13330403950108013,0.0,1.0,1.0,0.5716279970562076,1.5,0.75,0.0,0.55,balanced,3.5373100149172942,1.945520508204512,1.945520508204512,3.7850500478443423,0.029861111111111113,7.46527777777778e-05,97.38760891289976,96.99542288480515,0.04190323257392932,0.20470279083082701,97.38760891289976,96.99542288480515,0.04190323257392932,0.20470279083082701,0.05081209892062078,97.40623675677347,96.99542288480515,-0.9954228848051514,-0.5116486208227177,0.9970533620676718,0.0011995861222790305,-0.9954228848051514,-0.9986963154072726,0.0,0.6375412360138897,0.802432772313014,0.0,2.4553212571022915,3.0,0.2
192,1,11152,2025-07-04 10:40:00,charge,95.0,1.0,1.0,1,1,12974,2594.5936500000003,28.38045321412055,0.0,29.0,29.0,24.496855248959452,27.5,28.6,380.24039617696934,401.1,61.29443502389394,29.0,92.0,63.0,0.7161530753815322,0.18000000000002103,9462.0,9462.0,0.0,0.5004539117011,0.6875,0.1332779371584495,0.0,0.2,1.0,0.23323061507631695,1.5,0.75,0.0,0.55,balanced,3.3470303593862747,1.8408666976624513,1.8408666976624513,3.3887901985626585,0.8194444444444444,0.0020486111111111113,97.35139721957393,96.97939870271841,0.04326508941043344,0.20800261875859505,97.35139721957393,96.97939870271841,0.04326508941043344,0.20800261875859505,0.05218762291391239,97.38760891289976,96.97939870271841,-1.979398702718413,-1.075253686338001,1.1931938395299,0.3931034035826488,-0.9954228848051514,-1.979398702718413,0.0,0.6728532746113771,0.8571276900998952,0.0,2.8078072765096755,4.5,0.4
192,1,11151,2025-07-04 12:46:00,flight,95.0,0.0,0.0,0,1,18081,3615.983753,21.94618660472319,0.0,25.0,25.0,21.101780874951608,80.4,98.5,367.33615950445216,398.8,66.26309385542835,25.0,100.0,75.0,-0.7278297660527628,1.20000000000001,9444.0,9444.0,0.0,7.996195812589114,0.67,0.7215587486789117,0.0,1.0,0.0,0.7455659532105575,0.5,0.0,0.0,0.55,balanced,2.2972932854347317,1.2635113069891024,1.2635113069891024,1.5964608228893098,0.0875,0.00021875000000000003,97.27775554178334,96.97781541827187,0.043414478226691575,0.2083614125184689,97.27775554178334,96.97781541827187,0.043414478226691575,0.2083614125184689,0.05161486883376229,97.35139721957393,96.97781541827187,-1.9778154182718737,-1.5653325833584582,1.3891715687737758,0.4812726611661432,-0.9954228848051514,-1.979398702718413,0.0,0.7063138423975437,0.9028280713721636,0.0,2.7405512583611737,4.5,0.4
192,1,11150,2025-07-04 12:50:00,charge,95.0,0.0,95.0,1,1,14409,2881.590429,26.2473454091193,23.0,28.0,5.0,20.14693594281352,27.8,29.1,378.1030397668124,397.8,59.503782358248316,25.0,82.0,57.0,-0.04217502949545193,0.35999999999999943,-9.0,9.0,0.0,0.5000775120146784,0.6950000000000001,0.13319553057810815,0.0,0.0,0.0,0.1884350058990901,1.5,0.75,0.0,0.55,balanced,2.50730871400097,1.3790197927005337,1.3790197927005337,1.9016955886598228,0.002777777777777778,6.9444444444444465e-06,97.21939623794995,96.97777375857225,0.043419593623077166,0.20837368745375978,97.21939623794995,96.97777375857225,0.043419593623077166,0.20837368745375978,0.050005325213910885,97.27775554178334,96.97777375857225,-1.9777737585722548,-1.4341880871043784,1.5852874428038946,0.48137638488307466,-0.9954228848051514,-1.979398702718413,0.0,0.7381003403019115,0.9415626509367279,0.0,2.7872955697710284,5.5,0.4
192,1,11154,2025-07-04 13:50:00,charge,95.0,1.0,1.0,1,1,12974,2594.5936500000003,28.38045321412055,0.0,29.0,29.0,24.496855248959452,27.5,28.6,380.24039617696934,401.1,61.29443502389394,29.0,92.0,63.0,0.7161530753815322,0.18000000000002103,9462.0,9462.0,0.0,0.5004539117011,0.6875,0.1332779371584495,0.0,0.2,1.0,0.23323061507631695,1.5,0.75,0.0,0.55,balanced,3.3470303593862747,1.8408666976624513,1.8408666976624513,3.3887901985626585,0.041666666666666664,0.00010416666666666669,97.18787170646004,96.977257196978,0.04350105509444127,0.20856906552612559,97.18787170646004,96.977257196978,0.04350105509444127,0.20856906552612559,0.0488282850460806,97.21939623794995,96.977257196978,-1.9772571969780017,-1.0740903724798434,1.7815335922691389,0.3930560097117224,-0.9954228848051514,-1.979398702718413,0.0,0.768323678269621,0.9746644394372301,0.0,3.007194546625109,6.5,0.6
192,1,11153,2025-07-04 23:36:00,flight,95.0,0.0,0.0,0,1,21509,4301.780859,29.08540610907062,26.0,31.0,5.0,16.214333534799387,73.65999999999985,97.2,371.1260309637826,396.6,67.34990004184294,29.0,98.0,69.0,0.26507926914314944,0.8100000000000094,0.0,0.0,0.0,6.000607562366574,0.6138333333333321,0.6391797005010139,0.0,0.8,0.0,0.4580158538286346,0.5,0.0,0.0,0.55,balanced,2.119993303015662,1.1659963166586143,1.1659963166586143,1.3595474104614553,0.40694444444444444,0.0010173611111111112,97.11153288847095,96.97280571169556,0.04432047462172922,0.21052428511155008,97.11153288847095,96.97280571169556,0.04432047462172922,0.21052428511155008,0.049152084195063075,97.18787170646004,96.97280571169556,-1.9728057116955569,-1.6919484937559746,1.97701015764722,0.0022214892660027204,-1.9728057116955569,-1.979398702718413,0.0,0.7970018219226195,1.0029674488152074,0.0,2.7237312042447828,5.5,0.4
192,1,11242,2025-07-05 00:47:00,charge,95.0,0.0,0.0,0,1,279,55.599632,25.906810035842295,0.0,26.0,26.0,0.0,0.0,0.0,348.15483870967734,348.2,29.0,29.0,29.0,0.0,0.7199999999999989,0.0,9435.0,9435.0,0.0,0.0,0.0,0.0,0.0,0.0,0.0,0.14399999999999977,0.5,0.75,0.0,0.55,balanced,1.4931999999999999,0.82126,0.82126,0.6744679875999999,0.049305555555555554,0.0001232638888888889,96.97244523310425,96.97244523310425,0.04442752065448723,0.21077836856396634,96.97244523310425,96.97244523310425,0.04442752065448723,0.21077836856396634,0.04756034258428177,97.11153288847095,96.97244523310425,-1.9724452331042528,-2.401730551961928,1.975619463724388,0.002455129869708779,-1.9724452331042528,-1.9778154182718737,0.0,0.8243377152059133,1.0274375887924314,0.0,2.352965132367528,4.5,0.2
192,2,10857,2025-06-03 11:30:00,charge,100.0,0.0,100.0,0,0,20756,4150.975486,19.50737136249759,0.0,21.0,21.0,15.68241472345346,24.4,26.0,391.4260454808248,403.9,77.67633455386394,0.0,100.0,100.0,0.7577804008479476,1.9100000000000108,9611.0,9611.0,0.0,0.5010127973727163,0.61,0.13340025794539867,0.0,2.0,0.0,1.1065560801695948,0.0,0.75,0.0,0.55,balanced,2.140326927229038,1.177179809975971,1.177179809975971,1.385752305015063,0.0001,2.5000000000000004e-07,99.98633188322725,97.94116334699034,0.048502339697780616,0.22023246740156324,99.98633188322725,97.94116334699034,0.048502339697780616,0.22023246740156324,100.00000025,99.0,97.94116334699034,2.0588366530096636,1.748956816590058,2.0588366530096636,0.0,2.0588366530096636,2.0588366530096636,1.0,2.0588366530096636,0.0,1.0,2.140326927229038,0.0,0.0
192,2,10858,2025-06-03 11:39:00,flight,100.0,0.0,100.0,0,1,14444,2888.577814,20.77873165328164,18.0,23.0,5.0,18.39236361118804,66.6,91.89999999999999,376.9004846302963,403.1,77.86935751869288,0.0,100.0,100.0,-0.09284270285239533,1.0800000000000125,0.0,0.0,0.0,6.504549934445779,0.5549999999999999,0.6620117065167564,0.0,2.0,0.0,0.5585685405704853,0.5,0.0,0.0,0.55,balanced,2.3098752447778477,1.2704313846278164,1.2704313846278164,1.6139959030473507,0.00625,1.5625000000000004e-05,99.99259926438813,97.94113996720888,0.04848782345523406,0.22019950829925589,99.99259926438813,97.94113996720888,0.04848782345523406,0.22019950829925589,1.36682730569201,99.98633188322725,97.94113996720888,2.0588600327911166,1.620599158445914,2.05884834290039,1.1689890726529484e-05,2.0588600327911166,2.0588366530096636,2.0,2.05884834290039,1.653200200811747e-05,2.0,2.225101086003443,0.5,0.0
192,2,10859,2025-06-03 12:30:00,charge,99.0,1.0,1.0,1,1,14601,2919.991011,22.800561605369495,0.0,23.0,23.0,17.713752482706663,25.5,26.2,392.02151907403595,403.7,80.39504143551811,50.0,100.0,50.0,-1.0403095678378194,1.8800000000000168,9598.0,9611.0,0.0,0.5011628230408318,0.6375,0.1334330856330501,0.0,1.0,1.0,1.1480619135675723,1.5,0.75,0.0,0.55,balanced,3.716541808323491,2.0440979945779203,2.0440979945779203,4.178336611437476,0.035416666666666666,8.854166666666669e-05,99.84322614526961,97.94089453546005,0.048410873827197665,0.22002471185573147,99.84322614526961,97.94089453546005,0.048410873827197665,0.22002471185573147,0.7401705650125363,99.99259926438813,97.94089453546005,1.0591054645399538,0.5181285179816661,1.7256007167802447,0.47128331258440165,2.0588600327911166,1.0591054645399538,2.0,1.7256007167802447,0.5772018200601851,2.0,2.722247993443459,2.0,0.3333333333333333
192,2,10860,2025-06-03 13:41:00,flight,99.0,0.0,0.0,0,1,18898,3779.5742480000004,23.68864430098423,0.0,25.0,25.0,19.126166790136523,65.2,107.60000000000001,368.1199544925389,398.8,66.21187427240977,30.0,100.0,70.0,-0.039857127738384686,0.3499999999999943,9598.0,9598.0,0.0,5.006172617331237,0.5433333333333333,0.5888567900662605,0.0,1.0,0.0,0.1829714255476741,0.5,0.0,0.0,0.55,balanced,2.012100810357473,1.1066554456966102,1.1066554456966102,1.224686275489963,0.049305555555555554,0.0001232638888888889,99.55712706590806,97.94052161160538,0.0483065681001012,0.21978755219552631,99.55712706590806,97.94052161160538,0.0483065681001012,0.21978755219552631,0.6289079051532369,99.84322614526961,97.94052161160538,1.0594783883946235,0.9573696966969787,1.5590701346838394,0.49977822567664737,2.0588600327911166,1.0591054645399538,2.0,1.5590701346838394,0.5770941862590518,2.0,2.5447111976719623,2.5,0.25
192,2,10861,2025-06-03 14:30:00,flight,99.0,0.0,0.0,1,1,10917,2183.188599,27.178254099111477,0.0,29.0,29.0,25.158166162865257,26.9,27.3,376.2008060822571,397.5,56.50984702757168,30.0,83.0,53.0,-0.1262050013740039,0.2600000000000051,9591.0,9598.0,0.0,0.5009568275405814,0.22416666666666665,0.13338801013294857,0.0,0.0,0.0,0.15524100027480334,1.5,0.0,0.0,0.55,balanced,2.1120108374689535,1.1616059606079245,1.1616059606079245,1.349328407719859,0.034027777777777775,8.506944444444446e-05,99.4259340198776,97.9401906478856,0.04824126263769607,0.21963893697998102,99.4259340198776,97.9401906478856,0.04824126263769607,0.21963893697998102,0.41561015472554247,99.55712706590806,97.9401906478856,1.0598093521143994,0.9123656283235237,1.4592179781699515,0.4895961933372177,2.0588600327911166,1.0591054645399538,2.0,1.4592179781699515,0.5473851849135742,2.0,2.4581711256313605,4.0,0.2
192,2,10862,2025-06-03 14:30:00,charge,99.0,0.0,99.0,0,0,11991,2397.9890110000006,28.16178800767242,28.0,29.0,1.0,7.44519222750396,7.6,7.7,396.1501793011425,403.8,91.21766324743558,83.0,100.0,17.0,-0.2879176048703195,0.030000000000001137,0.0,0.0,0.0,0.4849490254853696,0.19,0.12986616242141244,0.0,1.0,0.0,0.07258352097406447,0.0,0.75,0.0,0.55,balanced,1.4687215212607843,0.8077968366934314,0.8077968366934314,0.6525357293719143,0.0001,2.5000000000000004e-07,99.28645115801406,97.94018947889884,0.04824108855023107,0.219638540675882,99.28645115801406,97.94018947889884,0.04824108855023107,0.219638540675882,0.31774195514525694,99.4259340198776,97.94018947889884,1.0598105211011557,1.3119765675727282,1.2594127517882499,0.39972372502764597,2.0588600327911166,1.0591054645399538,1.0,1.3926500686584855,0.516035029809658,2.0,2.3238500444377097,4.0,0.2
192,2,10941,2025-06-06 18:57:00,flight,99.0,0.0,99.0,0,1,14805,2960.7764869999996,25.444106720702464,0.0,27.0,27.0,18.10388382303276,77.0,92.2,376.5334414049308,397.9,76.76008105369807,0.0,100.0,100.0,-0.15958730158730153,0.6500000000000057,9591.0,9591.0,0.0,7.037162197143107,0.6416666666666667,0.6845329942418454,0.0,2.0,0.0,0.35691746031746313,0.5,0.0,0.0,0.55,balanced,2.3017217691253102,1.2659469730189208,1.2659469730189208,1.6026217384957682,3.185416666666667,0.007963541666666669,99.25164679311546,97.89001845966263,0.043643361654894575,0.2089099367069326,99.25164679311546,97.89001845966263,0.043643361654894575,0.2089099367069326,0.22165286149879665,99.28645115801406,97.89001845966263,1.1099815403373725,0.8767993952308955,1.069637053297501,0.020173918382048576,1.1099815403373725,1.0591054645399538,0.0,1.3522688503268978,0.48303687873337603,2.0,2.3222193493072023,4.0,0.2
192,2,10942,2025-06-06 19:50:00,charge,99.0,0.0,99.0,1,1,6972,1394.182786,28.066408491107286,26.0,29.0,3.0,24.276921973608722,26.0,26.400000000000002,381.5142426850258,395.8,64.25200803212851,0.0,80.0,80.0,-0.037006597819850814,0.2600000000000051,-1.0,1.0,0.0,0.5006708991176454,0.65,0.1333254336257947,0.0,1.0,0.0,0.13740131956397272,1.5,0.75,0.0,0.55,balanced,2.6195505693195096,1.4407528131257303,1.4407528131257303,2.0757686685297054,0.03680555555555556,9.201388888888891e-05,99.23005575686061,97.88937503484863,0.04359256056088762,0.20878831519241592,99.23005575686061,97.88937503484863,0.04359256056088762,0.20878831519241592,0.19481362775054192,99.25164679311546,97.88937503484863,1.1106249651513735,0.7708643391379951,1.079940953419785,0.024791844151496677,1.1106249651513735,1.0594783883946235,0.0,1.3220633646799573,0.4552927713706039,2.0,2.102821101506406,4.0,0.0
192,2,10953,2025-06-08 17:15:00,charge,99.0,0.0,0.0,0,0,8733,1746.596285,23.50543913889843,0.0,24.0,24.0,11.82307339974808,23.6,24.0,400.19646169701133,403.7,93.0469483568075,80.0,100.0,20.0,-0.8247715561662659,1.4300000000000068,9590.0,9590.0,0.0,0.5132598984083949,0.5900000000000001,0.13606935255065272,0.0,1.0,0.0,0.8799543112332566,0.0,0.75,0.0,0.55,balanced,1.9134140343902382,1.052377718914631,1.052377718914631,1.1074988632679623,1.8923611111111112,0.004730902777777779,99.19745861033155,97.85376205213024,0.041082678183451224,0.20268862371492688,99.19745861033155,97.85376205213024,0.041082678183451224,0.20268862371492688,0.18282972145951754,99.23005575686061,97.85376205213024,1.1462379478697642,1.0891887268878477,1.097292865314813,0.033299574639289384,1.1462379478697642,1.0598093521143994,0.0,1.3025272072566025,0.4299011772795759,2.0,2.0830837463129592,3.5,0.0
192,2,10952,2025-06-08 18:40:00,flight,99.0,0.0,0.0,0,1,13213,2643.1806309999997,24.011049723756905,0.0,26.0,26.0,21.880988420494965,67.7,88.69999999999999,371.9006887156588,400.2,71.9428593052297,45.0,100.0,55.0,-0.28022250813592675,0.6600000000000108,9590.0,9590.0,0.0,7.177924728115269,0.5641666666666667,0.6902358122475045,0.0,1.0,0.0,0.38604450162719073,0.5,0.0,0.0,0.55,balanced,2.123991008720492,1.1681950547962707,1.1681950547962707,1.364679686050462,0.059027777777777776,0.00014756944444444447,99.1770773823094,97.85249845718882,0.04101227354029917,0.20251487239286692,99.1770773823094,97.85249845718882,0.04101227354029917,0.20251487239286692,0.15707171348390928,99.19745861033155,97.85249845718882,1.1475015428111845,0.9822859103022867,1.1148313034541701,0.032006942459525276,1.1475015428111845,1.0598105211011557,0.0,1.2870246408120607,0.4082686804304777,2.0,2.0854797805632668,2.5,0.0
192,2,10959,2025-06-08 19:30:00,charge,99.0,0.0,0.0,1,1,14765,2952.786234,27.315949881476463,0.0,29.0,29.0,19.412705722993564,26.1,26.599999999999998,389.55159498814766,403.7,77.16518794446326,45.0,100.0,55.0,-0.27778394852692173,0.39000000000000057,9584.0,9590.0,0.0,0.5010195748350526,0.6525000000000001,0.13340174101850044,0.0,1.0,0.0,0.25055678970538464,1.5,0.75,0.0,0.55,balanced,2.654777733319015,1.4601277533254584,1.4601277533254584,2.1319730560312506,0.034722222222222224,8.680555555555557e-05,99.16609664026082,97.85168217491933,0.040975978343297095,0.20242524136899798,99.16609664026082,97.85168217491933,0.040975978343297095,0.20242524136899798,0.14094593452380721,99.1770773823094,97.85168217491933,1.1483178250806674,0.7864502420869406,1.1325327642500724,0.018163556349991374,1.1483178250806674,1.1099815403373725,0.0,1.274414930291025,0.38956903967341483,2.0,2.322691022974913,4.0,0.0
192,2,10958,2025-06-08 20:25:00,flight,99.0,0.0,0.0,0,1,15045,3008.778288,26.601395812562313,0.0,28.0,28.0,19.58749750747757,72.85999999999986,91.8,373.0513127284812,401.2,71.87789963443004,44.0,100.0,56.0,0.009045530076437137,0.5100000000000193,9584.0,9584.0,0.0,7.48553048329251,0.6071666666666655,0.7023638224389737,0.0,1.0,0.0,0.2568091060152971,0.5,0.0,0.0,0.55,balanced,2.1115715941135114,1.1613643767624313,1.1613643767624313,1.3487672156127906,0.03819444444444445,9.548611111111114e-05,99.15125952106743,97.85073283394017,0.0409396347627808,0.2023354510776122,99.15125952106743,97.85073283394017,0.0409396347627808,0.2023354510776122,0.13230122507962577,99.16609664026082,97.85073283394017,1.149267166059829,0.9895836216913024,1.1403898893945636,0.014915658367535972,1.149267166059829,1.1106249651513735,0.0,1.2639859499384254,0.37319226899797114,2.0,2.2846609879725532,4.0,0.0
192,2,10963,2025-06-10 11:55:00,charge,99.0,0.0,0.0,0,0,7364,1473.8008860000002,20.589082020640955,0.0,22.0,22.0,10.1848587724063,23.4,23.700000000000003,400.4511678435633,403.7,94.65195545898968,86.0,100.0,14.0,-1.0795776751765342,1.6800000000000068,9581.0,9581.0,0.0,0.5019644579520142,0.585,0.13360843883888163,0.0,1.0,0.0,1.0559155350353102,0.0,0.75,0.0,0.55,balanced,1.9627180360461454,1.07949491982538,1.07949491982538,1.1653092819288038,1.6458333333333333,0.004114583333333334,99.13664872241208,97.80631888466722,0.039528519833250564,0.1988178056242714,99.13664872241208,97.80631888466722,0.039528519833250564,0.1988178056242714,0.124597573902887,99.15125952106743,97.80631888466722,1.1936811153327795,1.1057774273971297,1.157001119430845,0.018366946141855443,1.1936811153327795,1.1462379478697642,0.0,1.258577885737991,0.3578360568226011,2.0,2.1532944813178805,2.5,0.0
192,2,10964,2025-06-10 12:36:00,flight,99.0,0.0,0.0,0,1,17439,3487.580553,18.7311199036642,0.0,21.0,21.0,14.748374333390677,62.7,90.10000000000001,379.4462411835541,400.1,81.15086874247376,51.0,100.0,49.0,-0.7278284305292735,1.7199999999999989,9581.0,9581.0,0.0,5.506361224665259,0.5225000000000001,0.6151310711590064,0.0,1.0,0.0,1.0055656861058542,0.5,0.0,0.0,0.55,balanced,2.2589721342953584,1.2424346738624472,1.2424346738624472,1.5436439188156856,0.02847222222222222,7.118055555555557e-05,99.12735607364829,97.80547762849336,0.03950730310486915,0.19876444124860249,99.12735607364829,97.80547762849336,0.03950730310486915,0.19876444124860249,0.11263334635723074,99.13664872241208,97.80547762849336,1.1945223715066362,0.9614367633455829,1.1666580041582193,0.022416266125213278,1.1945223715066362,1.1475015428111845,0.0,1.2540024918643229,0.3442237367719552,2.0,2.2224061012989047,3.0,0.0
192,2,10965,2025-06-10 13:35:00,charge,99.0,0.0,1.0,1,1,6696,1338.987947,20.308542413381122,18.0,22.0,4.0,23.12722520908005,25.0,25.599999999999998,382.02284946236557,396.7,64.62410394265233,51.0,80.0,29.0,-1.0723088410991637,0.5700000000000074,-17.0,17.0,0.0,0.5003677703111788,0.625,0.1332590797285227,0.0,0.0,0.0,0.49946176821983645,1.5,0.75,0.0,0.55,balanced,2.5656421623573595,1.4111031892965478,1.4111031892965478,1.9912122108428887,0.04097222222222222,0.00010243055555555557,99.12097236212965,97.80418777621212,0.03948191047525226,0.19870055479351903,99.12097236212965,97.80418777621212,0.03948191047525226,0.19870055479351903,0.10507626785691365,99.12735607364829,97.80418777621212,1.1958122237878825,0.8474307427396642,1.176320140353559,0.022488481792107107,1.1958122237878825,1.1483178250806674,0.0,1.2501231406592268,0.33204239394309376,2.0,2.310736332026278,4.0,0.0
192,2,11018,2025-06-12 16:15:00,charge,98.0,0.0,98.0,0,0,8233,1646.396524,22.670108101542574,0.0,23.0,23.0,12.333596501882663,23.6,24.1,399.5306206729017,403.7,92.21766063403376,80.0,100.0,20.0,-1.4443532126806753,1.8299999999999983,9564.0,9564.0,0.0,0.5041523265655495,0.5900000000000001,0.134086547138563,0.0,1.0,0.0,1.2038706425361343,0.0,0.75,0.0,0.55,balanced,2.0097958116162653,1.105387696388946,1.105387696388946,1.2218819593280605,2.111111111111111,0.005277777777777779,99.03219882105584,97.73455804864848,0.03821094482702556,0.19547620015496917,99.03219882105584,97.73455804864848,0.03821094482702556,0.19547620015496917,0.10508710733925897,99.12097236212965,97.73455804864848,0.2654419513515194,0.2401347076855105,0.9997449656077293,0.3675730248326069,1.1958122237878825,0.2654419513515194,0.0,1.188580566327495,0.4043535868969849,2.0,2.181739947685728,2.5,0.0
192,2,11019,2025-06-12 17:12:00,flight,98.0,0.0,0.0,0,1,16678,3335.373396,23.43536395251229,0.0,25.0,25.0,20.133007554862694,68.6,97.60000000000001,371.6995383139465,399.0,72.13916536755006,35.0,100.0,65.0,-0.49780789063436875,0.930000000000021,9564.0,9564.0,0.0,7.009062718344654,0.5716666666666667,0.683382626619721,0.0,1.0,0.0,0.5645615781268842,0.5,0.0,0.0,0.55,balanced,2.178554857419287,1.198205171580608,1.198205171580608,1.4356956332025141,0.03958333333333333,9.895833333333334e-05,98.9669597426627,97.73323099352285,0.038190079442699504,0.19542282221557314,98.9669597426627,97.73323099352285,0.038190079442699504,0.19542282221557314,0.09686386705746695,99.03219882105584,97.73323099352285,0.26676900647714774,0.22264050665483306,0.8232453336911931,0.454903486648532,1.1958122237878825,0.2654419513515194,0.0,1.1343563569245334,0.4508519295018874,2.0,2.1951366003468826,2.5,0.0
192,2,11020,2025-06-12 18:20:00,charge,98.0,0.0,0.0,1,1,9690,1937.987987,26.355005159958722,0.0,28.0,28.0,24.444282765737874,26.4,26.9,377.0454385964912,396.3,58.498039215686276,35.0,81.0,46.0,-0.6442094943240454,0.27000000000001023,9538.0,9564.0,0.0,0.5010748054576979,0.6599999999999999,0.13341382656835907,0.0,0.0,0.0,0.2638418988648142,1.5,0.75,0.0,0.55,balanced,2.512518100286788,1.3818849551577335,1.3818849551577335,1.909606029291291,0.04722222222222222,0.00011805555555555557,98.92304111511649,97.73162590393946,0.03817130604905866,0.19537478355473273,98.92304111511649,97.73162590393946,0.03817130604905866,0.19537478355473273,0.09085974025094457,98.9669597426627,97.73162590393946,0.2683740960605405,0.19420871112234325,0.6381839298367453,0.4547761464438124,1.1958122237878825,0.2654419513515194,0.0,1.0862462313209784,0.48267283756913515,2.0,2.3050966131950115,4.0,0.0
192,2,10996,2025-06-13 12:20:00,charge,98.0,0.0,0.0,0,0,8673,1734.6004010000001,19.709327798916178,0.0,21.0,21.0,11.321734117375764,23.5,23.9,400.1522080018448,403.7,92.28917329643721,81.0,100.0,19.0,-1.1699803989392368,2.000000000000014,9538.0,9538.0,0.0,0.508176728577898,0.5875,0.13496417423138193,0.0,1.0,0.0,1.2339960797878544,0.0,0.75,0.0,0.55,balanced,2.0179344936289088,1.1098639714959,1.1098639714959,1.2317980352246518,0.75,0.0018750000000000004,98.86109896527944,97.70586979407395,0.03792399190879509,0.1947408326694612,98.86109896527944,97.70586979407395,0.03792399190879509,0.1947408326694612,0.08860795511712136,98.92304111511649,97.70586979407395,0.2941302059260522,0.2650146445691149,0.4581054967206285,0.36900569365818015,1.1958122237878825,0.2654419513515194,0.0,1.0445559141949297,0.5030444197057556,2.0,2.2568890850617214,3.5,0.0
192,2,10997,2025-06-13 13:14:00,flight,98.0,0.0,0.0,0,1,13795,2764.7838570000004,18.843059079376587,0.0,21.0,21.0,21.906052917723812,68.2,88.60000000000001,368.7701631025734,399.1,69.87393983327293,41.0,100.0,59.0,-0.931092424791591,1.6200000000000117,9538.0,9538.0,0.0,6.994409721251564,0.5683333333333334,0.6827811438718638,0.0,1.0,0.0,0.996218484958324,0.5,0.0,0.0,0.55,balanced,2.3061446697029093,1.2683795683366001,1.2683795683366001,1.6087867293737401,0.0375,9.375000000000002e-05,98.81897131633103,97.70455960284372,0.03791620657108652,0.19472084267249493,98.81897131633103,97.70455960284372,0.03791620657108652,0.19472084267249493,0.08275552661788148,98.86109896527944,97.70455960284372,0.295440397156284,0.23292743318448078,0.2780311313943088,0.013717463164793543,0.295440397156284,0.2654419513515194,0.0,1.0071001383429974,0.5174879476106046,2.0,2.2049895865308313,2.5,0.0
192,2,10998,2025-06-13 14:05:00,charge,97.0,1.0,1.0,1,1,16617,3323.38297,20.754709032918097,0.0,22.0,22.0,18.194475537100562,25.3,26.099999999999998,388.11051332972255,403.7,74.57543479569117,41.0,100.0,59.0,-0.7145682132755613,1.6700000000000017,9527.0,9538.0,0.0,0.5006333011259901,0.6325000000000001,0.13331720427742116,0.0,1.0,1.0,0.9779136426551132,1.5,0.75,0.0,0.55,balanced,3.6629509745075026,2.0146230359791266,2.0146230359791266,4.058705977097754,0.035416666666666666,8.854166666666669e-05,98.78433046027133,97.70330594006927,0.03791292131788465,0.1947124066871052,98.78433046027133,97.70330594006927,0.03791292131788465,0.1947124066871052,0.07879540963499632,98.81897131633103,97.70330594006927,-0.7033059400692707,-0.3491005153365861,0.36560392913785905,0.39398231151322183,0.295440397156284,-0.7033059400692707,0.0,0.9926337479490103,0.6274656045484442,2.0,2.5356206191090793,4.0,0.2
192,2,10999,2025-06-13 15:35:00,flight,97.0,0.0,0.0,0,1,14200,2839.7761290000003,20.63056338028169,19.0,22.0,3.0,16.986380281690142,62.5,95.2,378.26776760563376,398.7,79.88281690140845,53.0,100.0,47.0,-0.49227042253521164,1.1499999999999915,0.0,0.0,0.0,6.0033708928833,0.5208333333333334,0.6393093265313541,0.0,1.0,0.0,0.673454084507038,0.5,0.0,0.0,0.55,balanced,2.1681766226313197,1.192497142447226,1.192497142447226,1.4220494347447994,0.0625,0.00015625000000000003,98.69216757485232,97.70112066951137,0.03790979089057366,0.1947043679288517,98.69216757485232,97.70112066951137,0.03790979089057366,0.1947043679288517,0.0774510639857826,98.78433046027133,97.70112066951137,-0.7011206695113685,-0.5879432700966801,0.4524742617447032,0.48421135976181434,0.295440397156284,-0.7033059400692707,0.0,0.979383153474572,0.7037437746105388,2.0,2.533544972151486,4.0,0.2
192,2,11000,2025-06-13 16:30:00,charge,97.0,0.0,97.0,1,1,8377,1675.590865,22.305121165094903,0.0,24.0,24.0,23.230810552703833,25.6,26.099999999999998,387.847308105527,400.9,71.74919422227528,0.0,91.0,91.0,-0.5904249731407427,1.6800000000000068,9527.0,9527.0,0.0,0.5003327212971335,0.64,0.13325140675017605,0.0,1.1,0.0,0.958084994628152,1.5,0.75,0.0,0.55,balanced,2.8757260610885162,1.581649333598684,1.581649333598684,2.5016146144731617,0.03819444444444445,9.548611111111114e-05,98.64383958681466,97.6998323044228,0.03791281048595153,0.19471212208270836,98.64383958681466,97.6998323044228,0.03791281048595153,0.19471212208270836,0.07354610640407198,98.69216757485232,97.6998323044228,-0.6998323044227988,-0.44246995181320575,0.5387659034171548,0.48804019574790686,0.295440397156284,-0.7033059400692707,0.0,0.9672287687331906,0.7598736262363752,2.0,2.606186564311831,4.0,0.2
192,2,11001,2025-06-13 20:00:00,charge,97.0,0.0,97.0,0,0,10922,2184.185885,24.32274308734664,24.0,25.0,1.0,4.911261673686137,9.7,9.9,400.8321644387475,403.8,97.64759201611426,91.0,100.0,9.0,-1.0034984435085121,2.180000000000021,0.0,0.0,0.0,0.5003126954346448,0.2425,0.13324702258035787,0.0,1.0,0.0,1.290699688701713,0.0,0.75,0.0,0.55,balanced,1.8617587156426572,1.0239672936034616,1.0239672936034616,1.0485090183695978,0.14583333333333334,0.0003645833333333334,98.53847275143077,97.69501508527239,0.037934288082086105,0.1947672664543149,98.53847275143077,97.69501508527239,0.037934288082086105,0.1947672664543149,0.07181022675529036,98.64383958681466,97.69501508527239,-0.695015085272388,-0.6787473482932721,0.618942879286422,0.3981128353806189,0.295440397156284,-0.7033059400692707,0.0,0.9558865319223239,0.8021715851833648,2.0,2.5749514087145813,4.0,0.2
192,2,11002,2025-06-13 21:49:00,flight,97.0,0.0,0.0,0,1,14248,2852.9816,21.900266704098822,0.0,24.0,24.0,17.725007018528917,65.2,94.0,376.04880685008425,401.2,75.71006457046603,52.0,100.0,48.0,-0.31907495788882584,1.20000000000001,9527.0,9527.0,0.0,6.702674690746707,0.5433333333333333,0.6705707291500594,0.0,1.0,0.0,0.6638149915777701,0.5,0.0,0.0,0.55,balanced,2.1890394558000215,1.203971700690012,1.203971700690012,1.4495478560623996,0.07569444444444444,0.00018923611111111113,98.47011969528286,97.69264015626227,0.037958443511357194,0.1948292675943663,98.47011969528286,97.69264015626227,0.037958443511357194,0.1948292675943663,0.06739657070946868,98.53847275143077,97.69264015626227,-0.6926401562622715,-0.5752960438067691,0.6983828311076195,0.003953574591562441,-0.6926401562622715,-0.7033059400692707,0.0,0.9453566768959217,0.834736698322369,2.0,2.5515303659340036,4.0,0.2
192,2,11003,2025-06-13 22:40:00,charge,97.0,0.0,0.0,1,1,6110,1221.795061,21.530932896890345,0.0,23.0,23.0,23.69170212765957,25.7,26.1,383.2370212765958,396.5,65.62487725040917,52.0,80.0,28.0,-0.3631063829787234,0.9200000000000088,9533.0,9533.0,0.0,0.4998215637048299,0.6425,0.13313948305309425,0.0,0.0,0.0,0.5326212765957491,1.5,0.75,0.0,0.55,balanced,2.584292176199962,1.4213606969099792,1.4213606969099792,2.0202662307204218,0.035416666666666666,8.854166666666669e-05,98.42464240119554,97.69157125897537,0.037974224196859516,0.194869762140922,98.42464240119554,97.69157125897537,0.037974224196859516,0.194869762140922,0.06449073917219231,98.47011969528286,97.69157125897537,-0.6915712589753724,-0.4865557774876144,0.6960358948888399,0.0038150681578356144,-0.6915712589753724,-0.7011206695113685,0.0,0.9355956992835929,0.8601156411704057,2.0,2.3357986062724954,4.0,0.0
192,2,11017,2025-06-14 07:30:00,charge,97.0,0.0,0.0,0,0,9297,1859.192125,22.74195977196945,20.0,24.0,4.0,11.067096912982683,23.6,24.1,399.8272561041196,403.7,92.78821125094116,80.0,100.0,20.0,-1.02456921587609,1.980000000000004,0.0,0.0,0.0,0.5013341755771552,0.5900000000000001,0.13347057592066733,0.0,1.0,0.0,1.19491384317522,0.0,0.75,0.0,0.55,balanced,2.0068623833208328,1.1037743108264582,1.1037743108264582,1.2183177292404226,0.3680555555555556,0.0009201388888888892,98.35415585794662,97.68077808978524,0.03816697556392676,0.19536370073257406,98.35415585794662,97.68077808978524,0.03816697556392676,0.19536370073257406,0.06341589471336274,98.42464240119554,97.68077808978524,-0.6807780897852354,-0.6167729064789507,0.6919673789436132,0.006276229742122352,-0.6807780897852354,-0.6998323044227988,0.0,0.926158010042913,0.8794405271230665,2.0,2.3035357584103977,3.5,0.0
192,2,11016,2025-06-14 20:30:00,flight,97.0,0.0,97.0,0,1,15096,3019.179139,23.302265500794913,0.0,25.0,25.0,21.827808691043984,70.1,116.3,370.0484565447801,400.1,69.68713566507684,36.0,100.0,64.0,-0.36700251722310573,1.0900000000000176,9533.0,9533.0,0.0,7.519750691730589,0.5841666666666666,0.703685757849472,0.0,1.0,0.0,0.6184005034446299,0.5,0.0,0.0,0.55,balanced,2.209077787506511,1.2149927831285812,1.2149927831285812,1.4762074630545354,0.5416666666666666,0.001354166666666667,98.29988496219846,97.66565049153742,0.03851651070510649,0.1962562373661191,98.29988496219846,97.66565049153742,0.03851651070510649,0.1962562373661191,0.061632454917080526,98.35415585794662,97.66565049153742,-0.66565049153742,-0.547863741069625,0.6851310163665374,0.010899518727085203,-0.66565049153742,-0.695015085272388,0.0,0.9168541700962882,0.8938310705128625,2.0,2.170206103693997,2.5,0.0
192,2,11126,2025-07-01 15:09:00,charge,97.0,0.0,97.0,0,1,14491,3531.7747950000003,26.906217652335933,0.0,28.0,28.0,9.318425229452764,30.6,44.900000000000006,374.2098543923815,400.5,70.69608722655441,32.0,100.0,68.0,-0.36432613346214815,1.0000000000000142,9525.0,9525.0,0.0,3.468946855181898,0.765,0.49175291318223646,0.0,1.0,0.0,0.5728652266924368,0.5,0.75,0.0,0.55,balanced,2.3510607332806255,1.2930834033043441,1.2930834033043441,1.6720646879011452,16.777083333333334,0.04194270833333334,98.22576628395613,97.216015005609,0.04080915410224539,0.20201275727598342,98.22576628395613,97.216015005609,0.04080915410224539,0.20201275727598342,0.10110510153936386,98.29988496219846,97.216015005609,-0.21601500560899467,-0.16705419391896156,0.5893310004338588,0.18691063052156148,-0.21601500560899467,-0.6926401562622715,0.0,0.8926873023553471,0.8883552827413089,2.0,2.268066507221591,3.0,0.0
192,2,11127,2025-07-01 15:10:00,flight,97.0,0.0,97.0,0,1,410,81.800126,26.934146341463414,0.0,27.0,27.0,0.0,0.0,0.0,349.3000000000001,349.3,32.0,32.0,32.0,0.0,-0.6811219512195108,0.07000000000000028,9525.0,9525.0,0.0,0.0,0.0,0.0,0.0,0.0,0.0,0.1712243902439023,0.5,0.0,0.0,0.55,balanced,1.3513673170731708,0.743252024390244,0.743252024390244,0.5524235717601959,0.0006944444444444445,1.7361111111111116e-06,98.04535087916446,97.21599661838754,0.04080890421420883,0.20201213877935364,98.04535087916446,97.21599661838754,0.04080890421420883,0.20201213877935364,0.09534188405259615,98.22576628395613,97.21599661838754,-0.21599661838753548,-0.29061019855914527,0.49400229285891156,0.22713251009497526,-0.21599661838753548,-0.6915712589753724,0.0,0.8701309462230867,0.8825417351173283,2.0,2.10053207947622,3.0,0.0
192,2,11128,2025-07-01 16:00:00,charge,97.0,0.0,0.0,1,1,17506,3500.984197,30.62315777447732,0.0,32.0,32.0,19.971107049011767,26.7,27.2,385.4932308922655,403.8,72.2355763738147,32.0,100.0,68.0,-0.5896886781674853,0.44000000000000483,9502.0,9525.0,0.0,0.5003903044375521,0.6675,0.13326401283578637,0.0,1.0,0.0,0.3379377356334995,1.5,0.75,0.0,0.55,balanced,2.688436925824364,1.4786403092034004,1.4786403092034004,2.1863771640011276,0.034722222222222224,8.680555555555557e-05,98.00783077073285,97.21511119813013,0.0408091878323162,0.20201284076096795,98.00783077073285,97.21511119813013,0.0408091878323162,0.20201284076096795,0.08139571706673578,98.04535087916446,97.21511119813013,-0.21511119813013124,-0.1454790572062923,0.39871028068986336,0.2241828691674635,-0.21511119813013124,-0.6807780897852354,0.0,0.8490012769297656,0.8764568828353874,2.0,2.121361029401101,3.0,0.0
192,2,11129,2025-07-01 17:59:00,flight,97.0,0.0,97.0,0,1,17225,3445.575623,29.48957910014514,0.0,32.0,32.0,17.715047895500728,68.27999999999993,89.2,373.79298113207545,398.9,72.55500725689404,41.0,100.0,59.0,0.0028969521044994633,0.4800000000000182,9502.0,9502.0,0.0,6.060514242515988,0.5689999999999994,0.6419784802759825,0.0,1.0,0.0,0.24057939042090898,0.5,0.0,0.0,0.55,balanced,2.063465209236665,1.134905865080166,1.134905865080166,1.28801132259336,0.08263888888888889,0.00020659722222222225,97.94980968571643,97.21302422440864,0.040817204285683806,0.2020326812317349,97.94980968571643,97.21302422440864,0.040817204285683806,0.2020326812317349,0.07868083003799173,98.00783077073285,97.21302422440864,-0.21302422440864177,-0.18770210901464893,0.30515950761454463,0.1802487841818863,-0.21302422440864177,-0.66565049153742,0.0,0.8291269940384804,0.8701461503330696,2.0,2.1326815945842674,3.5,0.0
192,2,11130,2025-07-01 19:00:00,charge,97.0,0.0,0.0,1,1,8831,1765.989387,30.535046993545464,0.0,32.0,32.0,24.423213679085038,26.2,26.7,379.1415241761975,396.8,61.63696070660174,41.0,83.0,42.0,0.05283773072132243,0.08000000000001961,9504.0,9504.0,0.0,0.5019854784411354,0.655,0.133613035695348,0.0,0.0,0.0,0.05056754614427429,1.5,0.75,0.0,0.55,balanced,2.4461154781214214,1.3453635129667818,1.3453635129667818,1.81000298202232,0.04236111111111111,0.0001059027777777778,97.91237850844041,97.21197194641948,0.040827823887059786,0.20205896141240504,97.91237850844041,97.21197194641948,0.040827823887059786,0.20205896141240504,0.07425705654335646,97.94980968571643,97.21197194641948,-0.21197194641948158,-0.1575573771523231,0.21442379859095695,0.001640037010323672,-0.21197194641948158,-0.21601500560899467,0.0,0.8104253259288138,0.8636968109431031,2.0,2.1800891327072494,4.5,0.0
192,2,11133,2025-07-02 16:01:00,flight,97.0,0.0,97.0,0,1,17520,3503.770843,28.291095890410958,27.0,30.0,3.0,15.99719178082192,62.2,88.4,378.5306906392694,402.4,77.74303652968037,47.0,100.0,53.0,-0.2288076484018265,0.8900000000000148,0.0,0.0,0.0,6.539857164841463,0.5183333333333333,0.6635534076392235,0.0,1.0,0.0,0.4907615296803727,0.5,0.0,0.0,0.55,balanced,2.1218164886264677,1.1669990687445573,1.1669990687445573,1.3618868264506638,0.8756944444444444,0.0021892361111111114,97.86564752714085,97.19047550228515,0.04111597984507679,0.2027707568784927,97.86564752714085,97.19047550228515,0.04111597984507679,0.2027707568784927,0.07351988635511165,97.91237850844041,97.19047550228515,-0.1904755022851532,-0.16321821275321524,0.20931589792618865,0.009528738816304876,-0.1904755022851532,-0.21599661838753548,0.0,0.7921915075863533,0.8567278809499836,2.0,2.134240283776418,4.5,0.0
192,2,11134,2025-07-02 17:05:00,charge,97.0,0.0,0.0,1,1,14655,2930.7873150000005,30.847697031729783,0.0,32.0,32.0,18.731286250426475,25.7,26.1,389.83695667007845,403.8,78.37318321392016,47.0,100.0,53.0,-0.13567451381780965,0.0899999999999892,9499.0,9504.0,0.0,0.501230520928682,0.6425,0.133447897791429,0.0,1.0,0.0,0.07213490276355652,1.5,0.75,0.0,0.55,balanced,2.5962696299456383,1.4279482964701011,1.4279482964701011,2.0390363373918636,0.044444444444444446,0.00011111111111111114,97.836969659438,97.18940002545904,0.04113578278686353,0.20281958186246102,97.836969659438,97.18940002545904,0.04113578278686353,0.20281958186246102,0.06986539316644692,97.86564752714085,97.18940002545904,-0.18940002545903667,-0.13263787346309033,0.2039965793404889,0.011528386845618308,-0.18940002545903667,-0.21511119813013124,0.0,0.774968893811287,0.849749278587042,2.0,2.3832207463509114,5.5,0.0
192,2,11135,2025-07-02 19:40:00,flight,97.0,0.0,0.0,0,1,16391,3281.777554,29.936245500579588,0.0,32.0,32.0,21.772741138429627,65.8,88.7,369.4447928741383,399.3,68.10438655359648,31.0,100.0,69.0,-0.10162406198523614,0.690000000000019,9499.0,9499.0,0.0,7.504014666429412,0.5483333333333333,0.7030785318466746,0.0,1.0,0.0,0.3653248123970568,0.5,0.0,0.0,0.55,balanced,2.1149955231244535,1.1632475377184495,1.1632475377184495,1.3531448340080354,0.1076388888888889,0.0002690972222222223,97.79702269671816,97.18682035066202,0.0411940054695851,0.20296306429886474,97.79702269671816,97.18682035066202,0.0411940054695851,0.20296306429886474,0.06781993343631176,97.836969659438,97.18682035066202,-0.18682035066201763,-0.16060240370544016,0.19833840984686618,0.01162697025879382,-0.18682035066201763,-0.21302422440864177,0.0,0.7586314342793629,0.8427587530999483,2.0,2.268532465810929,4.5,0.0
192,2,11136,2025-07-02 20:40:00,charge,97.0,0.0,0.0,1,1,10432,2086.387405,31.90049846625767,29.0,34.0,5.0,24.4739263803681,26.7,27.2,374.9272814417178,395.4,56.15337423312884,31.0,80.0,49.0,-0.1440509969325152,0.05000000000001137,9493.0,9499.0,0.0,0.5019122862640827,0.6675,0.13359702941813806,0.0,0.0,0.0,0.053810199386508724,1.5,0.75,0.0,0.55,balanced,2.4533318715832078,1.3493325293707643,1.3493325293707643,1.8206982748181044,0.041666666666666664,0.00010416666666666669,97.76967701321773,97.18583614851799,0.04122266249509099,0.20303364867698898,97.76967701321773,97.18583614851799,0.04122266249509099,0.20303364867698898,0.06468718425771212,97.79702269671816,97.18583614851799,-0.18583614851799268,-0.13772450042737341,0.19290079466873636,0.009682223730732797,-0.18583614851799268,-0.21197194641948158,0.0,0.7431504806101367,0.8358089491044204,2.0,2.3465057982802375,5.5,0.0
192,2,11132,2025-07-03 03:10:00,charge,97.0,0.0,0.0,0,0,11461,2292.192504,27.76598900619492,0.0,28.0,28.0,8.433182095803158,23.2,23.4,400.75370386528226,404.0,95.31288718261932,83.0,100.0,17.0,-0.11906116394729976,0.3800000000000239,9504.0,9504.0,0.0,0.5008718927526686,0.58,0.13336942308090732,0.0,1.0,0.0,0.2138122327894719,0.0,0.75,0.0,0.55,balanced,1.7074914390692046,0.9391202914880626,0.9391202914880626,0.8819469218846238,0.2708333333333333,0.0006770833333333335,97.71825221952005,97.17950794353888,0.0414367015985747,0.2035600687722784,97.71825221952005,97.17950794353888,0.0414367015985747,0.2035600687722784,0.06314486370891181,97.76967701321773,97.17950794353888,-0.17950794353888,-0.1911447821603818,0.18640799409261605,0.0038367855697191916,-0.17950794353888,-0.1904755022851532,0.0,0.7283177822661562,0.8288260377131382,2.0,2.1987809904697944,4.0,0.0
192,2,11137,2025-07-03 11:30:00,charge,97.0,0.0,0.0,0,0,11492,2298.193846,23.81291333101288,0.0,26.0,26.0,8.138435433344934,9.7,9.7,396.0431430560389,403.7,88.753045596937,80.0,98.0,18.0,-0.17304907761921332,0.950000000000017,9493.0,9493.0,0.0,0.49995250462439367,0.2425,0.13316815767214135,0.0,0.8,0.0,0.5096098155238512,0.0,0.75,0.0,0.55,balanced,1.5974002077260123,0.8785701142493069,0.8785701142493069,0.7718854456520401,0.3472222222222222,0.0008680555555555557,97.6666131320253,97.17157154078281,0.041785683525983636,0.20441546792252205,97.6666131320253,97.17157154078281,0.041785683525983636,0.20441546792252205,0.05979399167077025,97.71825221952005,97.17157154078281,-0.17157154078280712,-0.19528497270750692,0.1826272017921468,0.006414177879687677,-0.17157154078280712,-0.18940002545903667,0.0,0.6786529108917653,0.7808000858050609,1.0,2.0938977342897034,3.5,0.0
192,2,11138,2025-07-03 12:15:00,flight,97.0,0.0,0.0,0,1,11942,2388.1847820000003,23.723999330095463,0.0,25.0,25.0,16.59488360408642,82.4,91.5,380.1289566236811,399.0,82.1038352034835,61.0,99.0,38.0,-0.851247697203148,3.500000000000014,9493.0,9493.0,0.0,6.46209978476391,0.6866666666666668,0.660148475897277,0.0,0.9,0.0,1.9202495394406367,0.5,0.0,0.0,0.55,balanced,2.618467585524435,1.4401571720384394,1.4401571720384394,2.074052680173755,0.03125,7.812500000000002e-05,97.64921767088059,97.17087462984033,0.04182518167308119,0.20451205752493223,97.64921767088059,97.17087462984033,0.04182518167308119,0.20451205752493223,0.05557319898749415,97.6666131320253,97.17087462984033,-0.17087462984032697,-0.11864998706944338,0.17892212266840488,0.006772328105686419,-0.17087462984032697,-0.18682035066201763,0.0,0.6289690844983234,0.724742487277618,0.0,2.0983373254054625,2.5,0.0
192,2,11139,2025-07-03 13:00:00,charge,97.0,0.0,0.0,0,1,12186,2436.991534,25.134170359428854,0.0,26.0,26.0,16.40010667979649,24.9,25.5,393.2430576070901,403.7,83.94263909404235,61.0,100.0,39.0,-1.618085507959954,1.269999999999996,9493.0,9493.0,0.0,0.5026752376327189,0.6224999999999999,0.13376383970252168,0.0,1.0,0.0,0.9586171015919889,0.5,0.75,0.0,0.55,balanced,2.252340666358605,1.2387873664972329,1.2387873664972329,1.5345941393931495,0.03125,7.812500000000002e-05,97.62706986545221,97.1701841553691,0.04186777795143959,0.20461617226270162,97.62706986545221,97.1701841553691,0.04186777795143959,0.20461617226270162,0.05420112539819077,97.64921767088059,97.1701841553691,-0.1701841553690997,-0.13737963428728578,0.17559488360982128,0.006130898925527456,-0.1701841553690997,-0.18583614851799268,0.0,0.6055764184675114,0.7133658387998567,0.0,2.125806354052293,2.5,0.0
192,2,11141,2025-07-03 14:17:00,flight,97.0,0.0,97.0,0,1,17479,3495.576919,25.77578808856342,0.0,27.0,27.0,18.12369128668688,74.62999999999955,98.0,376.97693231878253,397.5,78.98483894959666,39.0,100.0,61.0,-1.182499570913668,1.0600000000000023,9493.0,9493.0,0.0,6.502643324587448,0.621916666666663,0.6619282475165396,0.0,1.0,0.0,0.7664999141827348,0.5,0.0,0.0,0.55,balanced,2.2556796065947675,1.2406237836271223,1.2406237836271223,1.5391473725012768,0.05347222222222222,0.0001336805555555556,97.60639158520429,97.16901750179967,0.041947847027118366,0.20481173556981144,97.60639158520429,97.16901750179967,0.041947847027118366,0.20481173556981144,0.052485755884468695,97.62706986545221,97.16901750179967,-0.16901750179967223,-0.13623590328530374,0.1722311542661572,0.003734827365358972,-0.16901750179967223,-0.17950794353888,0.0,0.5821432372413285,0.7002441838342426,0.0,2.086275901054605,1.5,0.0
192,2,11140,2025-07-03 15:00:00,charge,97.0,2.0,97.0,1,1,25817,5163.1752209999995,27.374017120501996,26.0,29.0,3.0,12.289425572297322,24.7,25.6,377.8768795754735,403.7,65.50927683309448,39.0,100.0,61.0,-1.3161509857845606,0.4899999999999949,-45.0,45.0,0.0,0.500964983801949,0.6174999999999999,0.13338979498644588,0.0,1.0,2.0,0.5082301971569095,1.5,0.75,0.0,0.55,balanced,4.3145749771416515,2.3730162374279087,2.3730162374279087,5.631206063096509,0.029861111111111113,7.46527777777778e-05,97.60096700405343,97.16837419176458,0.041996572863965936,0.2049306537928524,97.60096700405343,97.16837419176458,0.041996572863965936,0.2049306537928524,0.05082963633686899,97.60639158520429,97.16837419176458,-0.16837419176458468,-0.07095366188774332,0.17000440391129815,0.0011727820897139783,-0.16837419176458468,-0.17157154078280712,0.0,0.5451404684789057,0.6762603088633579,0.0,2.6076926086690944,3.0,0.4
192,2,11152,2025-07-04 10:40:00,charge,95.0,1.0,1.0,1,1,12973,2594.588076,28.35288676481924,0.0,29.0,29.0,24.333415555384256,26.8,27.2,379.70313728513065,400.6,61.06552069683188,29.0,91.0,62.0,0.6157234255761967,0.17000000000001592,9473.0,9473.0,0.0,0.5010508288542809,0.67,0.1334085800691266,0.0,0.1,1.0,0.2081446851152473,1.5,0.75,0.0,0.55,balanced,3.3158068375622247,1.8236937606592238,1.8236937606592238,3.325858932667382,0.8194444444444444,0.0020486111111111113,97.56060569492769,97.15078182142945,0.043349877650081595,0.20820633431786267,97.56060569492769,97.15078182142945,0.043349877650081595,0.20820633431786267,0.05242354211580558,97.60096700405343,97.15078182142945,-2.1507818214294474,-1.1793547073670902,0.5658464600406262,0.7924681611165932,-0.16837419176458468,-2.1507818214294474,1.0,0.5873941882933937,0.7598234683155419,1.0,2.9513739346363366,4.5,0.6
192,2,11151,2025-07-04 12:46:00,flight,95.0,0.0,0.0,0,1,18081,3615.977844,21.83529672031414,0.0,24.0,24.0,21.037237984624742,78.7,97.1,367.02147558210277,398.2,66.06725291742714,25.0,100.0,75.0,-0.4776771196283389,1.5900000000000034,9448.0,9448.0,0.0,7.507986631719654,0.6558333333333334,0.703231909066726,0.0,1.0,0.0,0.8905354239256695,0.5,0.0,0.0,0.55,balanced,2.3263700574710575,1.2795035316090817,1.2795035316090817,1.6371292874001124,0.0875,0.00021875000000000003,97.48202878674115,97.1490447763493,0.043498457563518604,0.2085628384049244,97.48202878674115,97.1490447763493,0.043498457563518604,0.2085628384049244,0.051828793603327275,97.56060569492769,97.1490447763493,-2.1490447763492995,-1.6795926883036405,0.9614804893424207,0.9703516546407855,-0.16837419176458468,-2.1507818214294474,2.0,0.627436511064058,0.8271733231731996,2.0,2.8929544290256612,4.5,0.6
192,2,11150,2025-07-04 12:50:00,charge,95.0,0.0,95.0,1,1,14409,2881.5840719999997,26.20306752723992,23.0,28.0,5.0,20.00789784162676,27.1,27.599999999999998,377.56324519397606,397.2,58.86411270733569,25.0,81.0,56.0,0.2633027968630695,0.34000000000000696,1.0,1.0,0.0,0.5006207697547398,0.6775,0.13331446139841222,0.0,0.0,0.0,0.2226605593726174,1.5,0.75,0.0,0.55,balanced,2.50887395237115,1.3798806738041325,1.3798806738041325,1.9040706739381468,0.002777777777777778,6.9444444444444465e-06,97.41821606430783,97.14899874797031,0.043503538573667545,0.20857501905469777,97.41821606430783,97.14899874797031,0.043503538573667545,0.20857501905469777,0.05024527592997874,97.48202878674115,97.14899874797031,-2.1489987479703103,-1.5573801334906952,1.3572434078626627,0.970445254134127,-0.16837419176458468,-2.1507818214294474,3.0,0.6654755669867143,0.8829871166164683,3.0,2.9442610862281704,5.5,0.6
192,2,11154,2025-07-04 13:50:00,charge,95.0,1.0,1.0,1,1,12973,2594.588076,28.35288676481924,0.0,29.0,29.0,24.333415555384256,26.8,27.2,379.70313728513065,400.6,61.06552069683188,29.0,91.0,62.0,0.6157234255761967,0.17000000000001592,9473.0,9473.0,0.0,0.5010508288542809,0.67,0.1334085800691266,0.0,0.1,1.0,0.2081446851152473,1.5,0.75,0.0,0.55,balanced,3.3158068375622247,1.8236937606592238,1.8236937606592238,3.325858932667382,0.041666666666666664,0.00010416666666666669,97.38306498017852,97.14842588831887,0.04358448704465157,0.20876898008241448,97.38306498017852,97.14842588831887,0.04358448704465157,0.20876898008241448,0.04905764136386621,97.41821606430783,97.14842588831887,-2.1484258883188687,-1.178062860478429,1.7531250851665021,0.7923758398354112,-0.16837419176458468,-2.1507818214294474,4.0,0.7016450870192058,0.9300065679418028,4.0,3.1562865324216616,6.5,0.8
192,2,11153,2025-07-04 23:36:00,flight,95.0,0.0,0.0,0,1,21510,4301.7705750000005,28.87540678754068,26.0,31.0,5.0,16.14526731752673,72.4,95.0,370.8309483960948,396.1,67.41901441190144,29.0,97.0,68.0,0.25324360762436027,0.6300000000000097,0.0,0.0,0.0,6.004653610150033,0.6033333333333334,0.6393694805804413,0.0,0.7,0.0,0.3656487215248769,0.5,0.0,0.0,0.55,balanced,2.0721090753563063,1.1396599914459686,1.1396599914459686,1.2988248961026252,0.40694444444444444,0.0010173611111111112,97.29581251499069,97.14348815017405,0.04439939927535569,0.2107116495957347,97.29581251499069,97.14348815017405,0.04439939927535569,0.2107116495957347,0.04936190272172593,97.38306498017852,97.14348815017405,-2.1434881501740506,-1.8808137218666885,2.1481478768483955,0.002459935669703292,-2.1434881501740506,-2.1507818214294474,5.0,0.7359746837609878,0.9698758682387494,5.0,2.7077933520645927,5.5,0.4
192,2,11242,2025-07-05 00:47:00,charge,95.0,0.0,0.0,0,1,277,55.598915999999996,25.812274368231048,0.0,26.0,26.0,0.0,0.0,0.0,347.8263537906138,347.9,29.0,29.0,29.0,0.0,0.6200000000000045,0.0,9449.0,9449.0,0.0,0.0,0.0,0.0,0.0,0.0,0.0,0.12400000000000092,0.5,0.75,0.0,0.55,balanced,1.4872000000000005,0.8179600000000004,0.8179600000000004,0.6690585616000005,0.049305555555555554,0.0001232638888888889,97.14309331774568,97.14309331774568,0.04450628514753167,0.21096512779967136,97.14309331774568,97.14309331774568,0.04450628514753167,0.21096512779967136,0.047677852192142614,97.29581251499069,97.14309331774568,-2.143093317745681,-2.6200466009898773,2.146610176111642,0.0027219369347255516,-2.143093317745681,-2.1490447763492995,5.0,0.7686983729234226,1.0041742777590668,6.0,2.342071984552148,4.5,0.2
