file_id,protocol,cycle_id,cycle_index,raw_cycle_number,mission_cycle_index,anchor_order,mission_discharge_index,discharge_events_since_prior_capacity_test,time_start_s,time_end_s,q_discharge_mah,base_capacity_mah,anchor_soh_pct,cumulative_equiv_cycles,adjusted_health_pct,adjusted_health_clipped_pct
VAH01,Baseline,0,0,0,0,0,0,0,0.0,27076.1392860475,3089.33841095902,3089.33841095902,100.0,1.0,100.0,100.0
VAH01,Baseline,51,51,1,50,1,0,0,320643.208182506,345314.402755912,3089.33841095902,3089.33841095902,100.0,30.161463954495062,100.0,100.0
VAH01,Baseline,102,102,2,100,2,50,50,643812.863891724,668178.888433299,2999.8071727292,3089.33841095902,97.10192842868169,59.4493563289097,85.50964214340844,85.50964214340844
VAH01,Baseline,153,153,3,150,3,100,50,975872.016528187,1000264.3030725,2935.71937920916,3089.33841095902,95.02744564321871,88.83444127710611,75.13722821609356,75.13722821609356
VAH01,Baseline,204,204,4,200,4,150,50,1316277.9960243,1340983.87696946,2892.94955858945,3089.33841095902,93.64301263749849,118.35621249368772,68.21506318749243,68.21506318749243
VAH01,Baseline,255,255,0,250,5,200,50,1664557.23554234,1689307.14249275,2820.76277110152,3089.33841095902,91.30637035733076,148.04130759355803,56.53185178665382,56.53185178665382
VAH01,Baseline,306,306,0,300,6,250,50,2022060.0339384,2046789.29051786,2793.46130492736,3089.33841095902,90.42263854998613,177.80893486285427,52.11319274993066,52.11319274993066
VAH01,Baseline,357,357,1,350,7,300,50,2387954.51810416,2412613.75467632,2793.46130492736,3089.33841095902,90.42263854998613,207.68496352046236,52.11319274993066,52.11319274993066
VAH01,Baseline,408,408,2,400,8,350,50,2762951.67359295,2787139.8724764,2762.9883936407,3089.33841095902,89.43624899879416,237.67576859135133,47.18124499397078,47.18124499397078
VAH01,Baseline,459,459,3,450,9,400,50,3150002.26173288,3174656.43867188,2720.41443562438,3089.33841095902,88.05815594607795,267.7012997781813,40.29077973038973,40.29077973038973
VAH01,Baseline,510,510,4,500,10,450,50,3550772.58350833,3574733.78836472,2712.74374667948,3089.33841095902,87.80986042371984,297.7867933749453,39.0493021185992,39.0493021185992
VAH01,Baseline,561,561,0,550,11,500,50,3945118.88773571,3969936.22632436,2663.85147764582,3089.33841095902,86.22724749726862,328.12066296892954,31.136237486343106,31.136237486343106
VAH01,Baseline,612,612,1,600,12,550,50,4357232.37872249,4382046.69931082,2663.85147764582,3089.33841095902,86.22724749726862,358.4937055365738,31.136237486343106,31.136237486343106
VAH01,Baseline,663,663,2,650,13,600,50,4773361.71436407,4798268.55933319,2643.61283855409,3089.33841095902,85.57213509456338,389.0080795025658,27.860675472816894,27.860675472816894
VAH01,Baseline,714,714,3,700,14,650,50,5191466.88420599,5216493.49318938,2620.14809351332,3089.33841095902,84.8125956100727,419.7144583650956,24.062978050363526,24.062978050363526
VAH01,Baseline,765,765,4,750,15,700,50,5628779.03033755,5653718.71331058,2589.81338543495,3089.33841095902,83.8306796124351,450.5114716283804,19.153398062175526,19.153398062175526
VAH01,Baseline,816,816,0,800,16,750,50,6052330.0096258,6077211.75822116,2547.2072153522,3089.33841095902,82.4515438747765,481.649471181927,12.257719373882523,12.257719373882523
VAH01,Baseline,846,846,1,829,17,800,50,6346348.84029435,6370155.11077753,2547.2072153522,3089.33841095902,82.4515438747765,500.0739979993862,12.257719373882523,12.257719373882523
VAH02,Extended cruise (1000 sec),0,0,0,0,0,0,0,0.0,27056.6672851227,3104.82003380251,3104.82003380251,100.0,1.0,100.0,100.0
VAH02,Extended cruise (1000 sec),51,51,1,50,1,0,0,345555.636781075,371153.903451182,3104.82003380251,3104.82003380251,100.0,34.08741453223802,100.0,100.0
VAH02,Extended cruise (1000 sec),102,102,2,100,2,50,50,695903.59932521,721313.001975618,3004.07862045918,3104.82003380251,96.75532197529817,67.32998673974494,83.77660987649087,83.77660987649087
VAH02,Extended cruise (1000 sec),153,153,3,150,3,100,50,1057695.18519889,1083041.22622037,2939.05386021444,3104.82003380251,94.66100541147777,100.70755050755346,73.30502705738887,73.30502705738887
VAH02,Extended cruise (1000 sec),204,204,4,200,4,150,50,1428876.61544707,1454278.4464752,2887.11153344505,3104.82003380251,92.98804768111376,134.2843763565065,64.94023840556878,64.94023840556878
VAH02,Extended cruise (1000 sec),255,255,0,250,5,200,50,1809356.44880371,1834683.09982288,2801.53069079361,3104.82003380251,90.2316611041234,168.0622655313657,51.15830552061702,51.15830552061702
VAH02,Extended cruise (1000 sec),306,306,0,300,6,250,50,2199095.39257086,2223659.69913311,2752.35427148998,3104.82003380251,88.64778768253241,201.925896274287,43.23893841266205,43.23893841266205
VAH02,Extended cruise (1000 sec),357,357,1,350,7,300,50,2599539.81434046,2624900.6869858,2752.35427148998,3104.82003380251,88.64778768253241,235.95082675265638,43.23893841266205,43.23893841266205
VAH02,Extended cruise (1000 sec),408,408,2,400,8,350,50,3012821.96937975,3037774.76035434,2733.95818388414,3104.82003380251,88.05528675154254,270.1249557604758,40.276433757712695,40.276433757712695
VAH02,Extended cruise (1000 sec),459,459,3,450,9,400,50,3445305.15693566,3470737.24796739,2700.6394096472,3104.82003380251,86.98215613932685,304.3237993731526,34.910780696634234,34.910780696634234
VAH02,Extended cruise (1000 sec),510,510,4,500,10,450,50,3882275.38502646,3907990.97409199,2676.19477498506,3104.82003380251,86.1948436897804,338.8853397233961,30.97421844890199,30.97421844890199
VAH02,Extended cruise (1000 sec),561,561,0,550,11,500,50,4333534.22721642,4359083.78188145,2617.41078388039,3104.82003380251,84.30152973068833,373.552731327339,21.50764865344165,21.50764865344165
VAH02,Extended cruise (1000 sec),612,612,1,600,12,550,50,4798358.60370138,4824008.36237686,2617.41078388039,3104.82003380251,84.30152973068833,408.4855290965847,21.50764865344165,21.50764865344165
VAH02,Extended cruise (1000 sec),624,624,2,611,13,600,50,5278983.67463878,5302941.65949479,2584.65834453909,3104.82003380251,83.24663962482967,416.75627209988073,16.233198124148345,16.233198124148345
VAH05,10% power reduction during discharge,0,0,0,0,0,0,0,0.0,27188.1872913695,3033.22348113219,3033.22348113219,100.0,1.0,100.0,100.0
VAH05,10% power reduction during discharge,51,51,1,50,1,0,0,310546.497129338,335212.311702182,3033.22348113219,3033.22348113219,100.0,27.016261123102176,100.0,100.0
VAH05,10% power reduction during discharge,102,102,2,100,2,50,50,623845.087808924,648357.964365816,2955.95686916673,3033.22348113219,97.45265680402093,53.10494857537037,87.26328402010466,87.26328402010466
VAH05,10% power reduction during discharge,153,153,3,150,3,100,50,939761.780761598,964298.661320992,2902.26601893915,3033.22348113219,95.68256467063354,79.32134883507803,78.4128233531677,78.4128233531677
VAH05,10% power reduction during discharge,204,204,4,200,4,150,50,1269318.77842634,1293846.92535031,2855.62459467286,3033.22348113219,94.14487961193552,105.56061853100013,70.72439805967761,70.72439805967761
VAH05,10% power reduction during discharge,255,255,0,250,5,200,50,1607939.03679293,1632431.15571262,2792.29568590114,3033.22348113219,92.05703777747624,131.84495523650597,60.285188887381196,60.285188887381196
VAH05,10% power reduction during discharge,306,306,0,300,6,250,50,1957371.52234335,1981808.50289233,2764.33424058943,3033.22348113219,91.13519850365942,158.1709734011835,55.67599251829712,55.67599251829712
VAH05,10% power reduction during discharge,357,357,1,350,7,300,50,2313219.80346122,2337685.32401317,2764.33424058943,3033.22348113219,91.13519850365942,184.58395137148253,55.67599251829712,55.67599251829712
VAH05,10% power reduction during discharge,408,408,2,400,8,350,50,2681947.31193649,2706317.27684161,2739.54737162181,3033.22348113219,90.31801938310323,211.02273337825923,51.59009691551616,51.59009691551616
VAH05,10% power reduction during discharge,459,459,3,450,9,400,50,3046808.03943119,3071385.41236104,2714.70607721692,3033.22348113219,89.49904595238135,237.5890125806229,47.49522976190676,47.49522976190676
VAH05,10% power reduction during discharge,510,510,4,500,10,450,50,3416166.32146204,3440819.64440094,2690.7509287759,3033.22348113219,88.70928718287325,264.2183608102322,43.54643591436627,43.54643591436627
VAH05,10% power reduction during discharge,561,561,0,550,11,500,50,3789730.40153198,3814473.41811288,2639.01996849857,3033.22348113219,87.00380914608776,290.93533116717185,35.019045730438805,35.019045730438805
VAH05,10% power reduction during discharge,612,612,1,600,12,550,50,4170571.99125685,4195414.13384809,2639.01996849857,3033.22348113219,87.00380914608776,317.71207059227277,35.019045730438805,35.019045730438805
VAH05,10% power reduction during discharge,663,663,2,650,13,600,50,4558898.73079814,4583741.36775961,2628.06341284864,3033.22348113219,86.6425909332497,344.51251246960345,33.212954666248535,33.212954666248535
VAH05,10% power reduction during discharge,714,714,3,700,14,650,50,4955446.12407017,4980427.33304816,2613.23490752916,3033.22348113219,86.15372140511506,371.35351721338674,30.768607025575317,30.768607025575317
VAH05,10% power reduction during discharge,765,765,4,750,15,700,50,5353880.38156715,5379023.53056444,2587.01662481083,3033.22348113219,85.28935111122087,398.3315407418821,26.446755556104335,26.446755556104335
VAH05,10% power reduction during discharge,816,816,0,800,16,750,50,5759185.44895523,5784502.87959604,2556.76015200093,3033.22348113219,84.29184885007503,425.35539476411327,21.459244250375136,21.459244250375136
VAH05,10% power reduction during discharge,867,867,1,850,17,800,50,6172042.8400196,6197338.10465811,2556.76015200093,3033.22348113219,84.29184885007503,452.43794273041266,21.459244250375136,21.459244250375136
VAH05,10% power reduction during discharge,918,918,2,900,18,850,50,6591323.95819367,6616550.76120093,2537.29327116216,3033.22348113219,83.65006030531856,479.56142966411124,18.250301526592807,18.250301526592807
VAH05,10% power reduction during discharge,969,969,3,950,19,900,50,7014887.58668629,7040309.25971678,2521.87370197502,3033.22348113219,83.14170444947558,506.76167344181215,15.708522247377914,15.708522247377914
VAH05,10% power reduction during discharge,1052,1052,0,1030,20,950,50,7694417.54032443,7719867.66697909,2491.70164227786,3033.22348113219,82.14698513898489,549.8943844420796,10.734925694924442,10.734925694924442
VAH05,10% power reduction during discharge,1103,1103,1,1080,21,1030,80,8135527.26033576,8160875.00697973,2466.51540002786,3033.22348113219,81.31663938943268,577.2494849688298,6.583196947163401,6.583196947163401
VAH05,10% power reduction during discharge,1154,1154,2,1130,22,1080,50,8583986.96884918,8609335.47587095,2463.67387247079,3033.22348113219,81.22295926415522,604.674798416909,6.114796320776108,6.114796320776108
VAH05,10% power reduction during discharge,1205,1205,3,1180,23,1130,50,9039717.08117633,9065472.92424666,2437.31156371735,3033.22348113219,80.35384068725433,632.1594938877088,1.7692034362716669,1.7692034362716669
VAH05,10% power reduction during discharge,1256,1256,4,1230,24,1180,50,9495650.28780737,9521435.98182704,2423.67070546799,3033.22348113219,79.90412577721848,659.7936128525143,-0.4793711139075896,0.0
VAH05,10% power reduction during discharge,1307,1307,5,1280,25,1230,50,9954174.51251581,9980029.73448163,2413.25369358846,3033.22348113219,79.56069536583179,687.5458384504398,-2.196523170841047,0.0
VAH05,10% power reduction during discharge,1358,1358,6,1330,26,1280,50,10419213.4101763,10445139.4240873,2390.88751149153,3033.22348113219,78.82332199931078,715.3859895653,-5.8833900034461095,0.0
VAH05,10% power reduction during discharge,1409,1409,7,1380,27,1330,50,10888998.1521594,10914884.3901013,2371.09874192542,3033.22348113219,78.17092135395104,743.3454586022842,-9.145393230244778,0.0
VAH05,10% power reduction during discharge,1460,1460,8,1430,28,1380,50,11363913.7381669,11389796.9721111,2364.03880260209,3033.22348113219,77.93816767235633,771.4275360196109,-10.309161638218356,0.0
VAH05,10% power reduction during discharge,1511,1511,9,1480,29,1430,50,11841415.2889664,11867128.3242925,2339.97037658235,3033.22348113219,77.14467434192899,799.6793909305097,-14.276628290355049,0.0
VAH06,CC charge current reduced to C/2,0,0,0,0,0,0,0,0.0,27003.5072825977,3039.96431553695,3039.96431553695,100.0,1.0,100.0,100.0
VAH06,CC charge current reduced to C/2,51,51,1,50,1,0,0,421456.022698101,446472.463307519,3039.96431553695,3039.96431553695,100.0,30.19690421747926,100.0,100.0
VAH06,CC charge current reduced to C/2,102,102,2,100,2,50,50,840469.896404648,865379.967002971,2956.80175116875,3039.96431553695,97.2643572181698,59.54640846958572,86.32178609084903,86.32178609084903
VAH06,CC charge current reduced to C/2,153,153,3,150,3,100,50,1267570.65221795,1292351.9551721,2892.96855640654,3039.96431553695,95.16455642656298,88.9952201434266,75.82278213281491,75.82278213281491
VAH06,CC charge current reduced to C/2,204,204,4,200,4,150,50,1698959.65364342,1723651.99858697,2853.78429860166,3039.96431553695,93.87558544737703,118.5347381836005,69.37792723688517,69.37792723688517
VAH06,CC charge current reduced to C/2,255,255,0,250,5,200,50,2147054.18844434,2171468.50752675,2772.10097600113,3039.96431553695,91.1886025054045,148.15300229406733,55.94301252702252,55.94301252702252
VAH06,CC charge current reduced to C/2,307,307,0,300,6,250,50,2606580.41164927,2631292.20622691,2750.17935225754,3039.96431553695,90.46748799654165,178.76503090733505,52.33743998270825,52.33743998270825
VAH06,CC charge current reduced to C/2,358,358,1,350,7,300,50,3066308.25760262,3090663.10214303,2750.17935225754,3039.96431553695,90.46748799654165,208.65768413916547,52.33743998270825,52.33743998270825
VAH06,CC charge current reduced to C/2,409,409,2,400,8,350,50,3529985.3045863,3554850.66155048,2709.80485069644,3039.96431553695,89.13936380262432,238.66735714521468,45.69681901312158,45.69681901312158
VAH06,CC charge current reduced to C/2,460,460,3,450,9,400,50,3997657.33833704,4022529.99130208,2688.16218576568,3039.96431553695,88.42742567821455,268.8384787314446,42.137128391072736,42.137128391072736
VAH06,CC charge current reduced to C/2,511,511,4,500,10,450,50,4475451.02037387,4499162.02000119,2666.11996548355,3039.96431553695,87.70234413138603,299.06104133805746,38.51172065693014,38.51172065693014
VAH06,CC charge current reduced to C/2,562,562,0,550,11,500,50,4960108.34081845,4984019.97531263,2596.27981895274,3039.96431553695,85.40494392264463,329.35816334010184,27.02471961322317,27.02471961322317
VAH06,CC charge current reduced to C/2,613,613,1,600,12,550,50,5446394.83154208,5470664.73807363,2596.27981895274,3039.96431553695,85.40494392264463,359.861686839738,27.02471961322317,27.02471961322317
VAH06,CC charge current reduced to C/2,664,664,2,650,13,600,50,5937867.40061994,5962525.3835594,2584.49859940062,3039.96431553695,85.01739925667908,390.4880278731014,25.086996283395422,25.086996283395422
VAH06,CC charge current reduced to C/2,715,715,3,700,14,650,50,6439128.07837475,6463826.259319,2569.12592088661,3039.96431553695,84.51171310650152,421.1990458227979,22.558565532507586,22.558565532507586
VAH06,CC charge current reduced to C/2,766,766,4,750,15,700,50,6945656.70242143,6970759.94496997,2550.52817555254,3039.96431553695,83.89993798667466,452.05687070215,19.49968993337329,19.49968993337329
VAH06,CC charge current reduced to C/2,12193,12193,0,764,16,750,50,7459805.24871818,7485130.86735985,2518.98078692628,3039.96431553695,82.86218275826542,9322.01093238795,14.310913791327096,14.310913791327096
VAH06,CC charge current reduced to C/2,12244,12244,1,814,17,764,14,7981680.61115402,8006944.13378921,2518.98078692628,3039.96431553695,82.86218275826542,9353.106818572032,14.310913791327096,14.310913791327096
VAH06,CC charge current reduced to C/2,12295,12295,2,864,18,814,50,8510660.32565208,8534342.80247525,2498.77482162202,3039.96431553695,82.19750504474788,9384.357317270922,10.987525223739425,10.987525223739425
VAH06,CC charge current reduced to C/2,12346,12346,3,914,19,864,50,9049155.88184562,9074404.48905075,2455.23306709587,3039.96431553695,80.76519367505145,9415.721193160767,3.825968375257247,3.825968375257247
VAH07,CV charge voltage reduced to 4.0V,0,0,0,0,0,0,0,0.0,27196.7392917757,3033.79227558145,3033.79227558145,100.0,1.0,100.0,100.0
VAH07,CV charge voltage reduced to 4.0V,51,51,1,50,1,0,0,344149.314634384,371453.447482427,3033.79227558145,3033.79227558145,100.0,32.43339622750403,100.0,100.0
VAH07,CV charge voltage reduced to 4.0V,102,102,2,100,2,50,50,689440.028651008,716411.603464361,2956.96761692711,3033.79227558145,97.46770208123047,63.91254862731385,87.33851040615235,87.33851040615235
VAH07,CV charge voltage reduced to 4.0V,153,153,3,150,3,100,50,1040009.09321821,1066825.34428729,2913.87364371916,3033.79227558145,96.04723656172844,95.4247393244773,80.2361828086422,80.2361828086422
VAH07,CV charge voltage reduced to 4.0V,204,204,4,200,4,150,50,1382344.34590001,1408984.58107576,2878.17492873627,3033.79227558145,94.87053388270115,127.0899447587315,74.35266941350577,74.35266941350577
VAH07,CV charge voltage reduced to 4.0V,255,255,0,250,5,200,50,1725509.68080842,1752014.40796802,2812.74830223054,3033.79227558145,92.71393842188667,158.8318115748387,63.56969210943333,63.56969210943333
VAH09,Thermal chamber temperature 20C,0,0,0,0,0,0,0,0.0,27499.0033061325,3036.05750789363,3036.05750789363,100.0,1.0,100.0,100.0
VAH09,Thermal chamber temperature 20C,51,51,1,50,1,0,0,335248.283705934,360545.456344634,2939.75467688281,3036.05750789363,96.8280300764911,30.445829931168895,84.14015038245552,84.14015038245552
VAH09,Thermal chamber temperature 20C,103,103,0,100,2,50,50,673528.267156219,698673.372420802,2879.81098139469,3036.05750789363,94.85363745275887,59.99341228729907,74.26818726379437,74.26818726379437
VAH09,Thermal chamber temperature 20C,155,155,0,150,3,100,50,1034769.52940838,1059026.29256051,2829.69181148537,3036.05750789363,93.20283967376385,90.02425091154434,66.01419836881924,66.01419836881924
VAH09,Thermal chamber temperature 20C,167,167,1,161,4,150,50,1131971.92011373,1156928.36936882,2809.06553706807,3036.05750789363,92.52346273957626,97.28045433015734,62.6173136978813,62.6173136978813
VAH09,Thermal chamber temperature 20C,179,179,2,172,5,161,11,1230306.05454136,1255176.73513557,2790.8020521315,3036.05750789363,91.92191007171388,104.53804692653885,59.609550358569415,59.609550358569415
VAH09,Thermal chamber temperature 20C,191,191,3,183,6,172,11,1328919.0588275,1353803.34342313,2776.15295702399,3036.05750789363,91.43940619721799,111.7980542461611,57.197030986089956,57.197030986089956
VAH09,Thermal chamber temperature 20C,203,203,4,194,7,183,11,1427954.5291577,1452797.68574904,2761.74680342194,3036.05750789363,90.9649041970222,119.06078861079109,54.824520985110965,54.824520985110965
VAH09,Thermal chamber temperature 20C,215,215,5,205,8,194,11,1527279.28151808,1552011.75009787,2747.31326074615,3036.05750789363,90.48950007051064,126.326816980662,52.44750035255322,52.44750035255322
VAH09,Thermal chamber temperature 20C,227,227,6,216,9,205,11,1626753.67789406,1651492.11247448,2734.60383708278,3036.05750789363,90.07088403210143,133.59602910423646,50.35442016050716,50.35442016050716
VAH09,Thermal chamber temperature 20C,239,239,7,227,10,216,11,1726923.07034254,1751649.15092167,2722.12179757032,3036.05750789363,89.65975744836553,140.86740473996502,48.298787241827625,48.298787241827625
VAH09,Thermal chamber temperature 20C,263,263,8,250,11,227,11,1909690.27140664,1934405.74998467,2703.32008262834,3036.05750789363,89.04047685525765,155.11653481525858,45.20238427628826,45.20238427628826
VAH09,Thermal chamber temperature 20C,314,314,0,300,12,250,23,2282529.07503358,2307252.67561245,2681.20726196867,3036.05750789363,88.31213687480019,185.15438118083983,41.56068437400094,41.56068437400094
VAH09,Thermal chamber temperature 20C,365,365,1,350,13,300,50,2662689.84868743,2687323.3332569,2648.58645040477,3036.05750789363,87.23769044290331,215.3099231715859,36.18845221451657,36.18845221451657
VAH09,Thermal chamber temperature 20C,416,416,2,400,14,350,50,3050124.62810051,3074826.5210452,2621.80900224279,3036.05750789363,86.35570951558691,245.57376738190354,31.778547577934546,31.778547577934546
VAH09,Thermal chamber temperature 20C,467,467,3,450,15,400,50,3443962.9650496,3468752.98000479,2598.04815799879,3036.05750789363,85.57308783657645,275.9469504192398,27.865439182882245,27.865439182882245
VAH09,Thermal chamber temperature 20C,518,518,4,500,16,450,50,3844201.66676167,3868954.91971249,2573.98957690921,3036.05750789363,84.78065946435265,306.42742689406134,23.90329732176326,23.90329732176326
VAH09,Thermal chamber temperature 20C,569,569,0,550,17,500,50,4250213.33821765,4275057.65680912,2555.63569314421,3036.05750789363,84.17612928937143,337.01811399490623,20.880646446857156,20.880646446857156
VAH09,Thermal chamber temperature 20C,620,620,1,600,18,550,50,4661373.48110499,4686233.25169807,2533.0925820911,3036.05750789363,83.43361663951224,367.72130347726863,17.168083197561188,17.168083197561188
VAH09,Thermal chamber temperature 20C,671,671,2,650,19,600,50,5078190.0149763,5103124.63594874,2512.33224618444,3036.05750789363,82.7498240613847,398.53759198312866,13.749120306923501,13.749120306923501
VAH09,Thermal chamber temperature 20C,12256,12256,1,707,20,650,50,5924920.95469376,5949953.58730486,2435.39989030401,3036.05750789363,80.21586824268205,9178.024226162877,1.0793412134102454,1.0793412134102454
VAH09,Thermal chamber temperature 20C,12307,12307,2,757,21,707,57,6371358.71824577,6396499.02324272,2414.03832835771,3036.05750789363,79.5122728104229,9209.551948019971,-2.4386359478855013,0.0
VAH10,Thermal chamber temperature 30C,0,0,0,0,0,0,0,0.0,27084.1132864263,3085.54471803226,3085.54471803226,100.0,1.0,100.0,100.0
VAH10,Thermal chamber temperature 30C,51,51,1,50,1,0,0,325357.686674265,350374.555283727,2992.60132726345,3085.54471803226,96.98778014054896,29.522857253980522,84.93890070274482,84.93890070274482
VAH10,Thermal chamber temperature 30C,102,102,2,100,2,50,50,656998.801267125,681851.351859447,2930.52378500886,3085.54471803226,94.97589737988757,58.15229553722914,74.87948689943785,74.87948689943785
VAH10,Thermal chamber temperature 30C,153,153,3,150,3,100,50,997816.704817196,1022584.27140066,2879.19147088622,3085.54471803226,93.31225874186528,86.89336861333295,66.56129370932639,66.56129370932639
VAH10,Thermal chamber temperature 30C,204,204,4,200,4,150,50,1348063.81781346,1372760.88875757,2835.67996477557,3085.54471803226,91.9020861439326,115.73953895420232,59.510430719663034,59.510430719663034
VAH10,Thermal chamber temperature 30C,256,256,0,250,5,200,50,1709479.40719692,1734169.07039967,2797.78375563861,3085.54471803226,90.67390076339055,144.8312339794427,53.36950381695274,53.36950381695274
VAH10,Thermal chamber temperature 30C,307,307,1,300,6,250,50,2077699.00527364,2102394.36984957,2763.99104901377,3085.54471803226,89.57870656875284,173.87157701943403,47.89353284376418,47.89353284376418
VAH10,Thermal chamber temperature 30C,358,358,2,350,7,300,50,2452437.70236193,2477072.76693156,2735.75276478806,3085.54471803226,88.6635266959517,203.00593930732387,43.31763347975851,43.31763347975851
VAH10,Thermal chamber temperature 30C,409,409,3,400,8,350,50,2830142.23560267,2854781.91253994,2712.57427071449,3085.54471803226,87.91233051531907,232.24005466877784,39.56165257659535,39.56165257659535
VAH10,Thermal chamber temperature 30C,460,460,4,450,9,400,50,3215748.61357044,3240427.80851242,2676.37799843969,3085.54471803226,86.73923870876494,261.5464148648907,33.69619354382472,33.69619354382472
VAH10,Thermal chamber temperature 30C,511,511,5,500,10,450,50,3608616.79040388,3633369.22735459,2647.86223711645,3085.54471803226,85.81506602844075,290.9262825481216,29.075330142203768,29.075330142203768
VAH10,Thermal chamber temperature 30C,562,562,0,550,11,500,50,4011826.61956759,4036655.1241574,2629.48515816086,3085.54471803226,85.21947981482367,320.3766117991281,26.097399074118357,26.097399074118357
VAH10,Thermal chamber temperature 30C,613,613,1,600,12,550,50,4417820.96991609,4442644.84450543,2604.26657539778,3085.54471803226,84.40216601555511,349.91878364104844,22.01083007777555,22.01083007777555
VAH10,Thermal chamber temperature 30C,664,664,2,650,13,600,50,4854524.00003934,4879276.69899009,2586.0783608277,3085.54471803226,83.812700743385,379.5403774624542,19.06350371692497,19.06350371692497
VAH10,Thermal chamber temperature 30C,715,715,3,700,14,650,50,5271520.76374913,5296284.67070121,2568.12783265912,3085.54471803226,83.23093869457476,409.23706880335936,16.154693472873802,16.154693472873802
VAH10,Thermal chamber temperature 30C,785,785,0,768,15,700,50,5849720.60339394,5874602.2239893,2522.49544124523,3085.54471803226,81.75202992533187,450.0104114785967,8.760149626659341,8.760149626659341
VAH10,Thermal chamber temperature 30C,836,836,1,818,16,768,68,6282723.02855961,6307600.1871545,2511.86917287441,3085.54471803226,81.407641192,479.9220424615841,7.038205959999999,7.038205959999999
VAH10,Thermal chamber temperature 30C,887,887,2,868,17,818,50,6718607.381367,6743425.88832559,2494.30350213916,3085.54471803226,80.83835206024331,509.91376171953925,4.191760301216547,4.191760301216547
VAH10,Thermal chamber temperature 30C,938,938,3,918,18,868,50,7159469.33592174,7184341.15088668,2479.48774649971,3085.54471803226,80.35818544483614,539.9788469373348,1.7909272241806917,1.7909272241806917
VAH10,Thermal chamber temperature 30C,989,989,4,968,19,918,50,7604008.18033452,7628908.51304024,2465.8688581109,3085.54471803226,79.91680832561244,570.1212036323325,-0.41595837193781904,0.0
VAH10,Thermal chamber temperature 30C,1040,1040,5,1018,20,968,50,8052234.09302275,8077131.70573056,2451.09938354423,3085.54471803226,79.43814164221111,600.3388429549702,-2.8092917889444635,0.0
VAH10,Thermal chamber temperature 30C,1091,1091,6,1068,21,1018,50,8507728.41007895,8532652.48076625,2435.95215902599,3085.54471803226,78.94723238947147,630.6116668809291,-5.263838052642669,0.0
VAH10,Thermal chamber temperature 30C,1142,1142,7,1118,22,1068,50,8971800.57648855,8996953.12099891,2409.35891621841,3085.54471803226,78.08536697387186,660.9332774662339,-9.573165130640717,0.0
VAH10,Thermal chamber temperature 30C,1202,1202,0,1175,23,1118,50,9514126.38488778,9539219.36750519,2384.7054707836,3085.54471803226,77.28636881673182,695.9902788500889,-13.568155916340885,0.0
VAH10,Thermal chamber temperature 30C,1253,1253,1,1225,24,1175,57,9995380.04108645,10020569.5017139,2361.87045516631,3085.54471803226,76.54630449409082,726.6215011691311,-17.268477529545905,0.0
VAH10,Thermal chamber temperature 30C,1304,1304,2,1275,25,1225,50,10481965.4133142,10507324.0983372,2343.4893457041,3085.54471803226,75.95058765502547,757.3296458272301,-20.247061724872637,0.0
VAH10,Thermal chamber temperature 30C,1355,1355,3,1325,26,1275,50,10972921.5318406,10998204.2348545,2333.15588883348,3085.54471803226,75.61568870476134,788.1261273329999,-21.921556476193302,0.0
VAH10,Thermal chamber temperature 30C,1406,1406,4,1375,27,1325,50,11467524.8807629,11492804.9551744,2321.90094201513,3085.54471803226,75.25092501319743,819.0183645127257,-23.745374934012844,0.0
VAH10,Thermal chamber temperature 30C,1431,1431,5,1399,28,1375,50,11744746.4459553,11769463.698803,2313.12283507147,3085.54471803226,74.96643369170208,834.2616764282492,-25.167831541489605,0.0
VAH11,20% power reduction during discharge,0,0,0,0,0,0,0,0.0,27311.5652972297,3049.50756683574,3049.50756683574,100.0,1.0,100.0,100.0
VAH11,20% power reduction during discharge,51,51,1,50,1,0,0,289966.248982651,314187.37150911,3049.50756683574,3049.50756683574,100.0,23.788050767258163,100.0,100.0
VAH11,20% power reduction during discharge,102,102,2,100,2,50,50,580615.015299677,604740.597816169,2981.82881423239,3049.50756683574,97.78066618560402,46.61613489344286,88.9033309280201,88.9033309280201
VAH11,20% power reduction during discharge,153,153,3,150,3,100,50,880122.186540704,904124.60704435,2933.76361644702,3049.50756683574,96.20450358453056,69.47074351765907,81.02251792265278,81.02251792265278
VAH11,20% power reduction during discharge,204,204,4,200,4,150,50,1182092.6820282,1206096.92288972,2894.66985870584,3049.50756683574,94.92253405717683,92.39812423670745,74.61267028588416,74.61267028588416
VAH11,20% power reduction during discharge,255,255,0,250,5,200,50,1488815.14459229,1512766.19344747,2826.2866079981,3049.50756683574,92.680098214373,115.35862986467527,63.40049107186502,63.40049107186502
VAH11,20% power reduction during discharge,307,307,0,300,6,250,50,1799875.12013208,1823833.58063114,2803.73464590662,3049.50756683574,91.94057022182957,139.31025339088856,59.70285110914788,59.70285110914788
VAH11,20% power reduction during discharge,358,358,1,350,7,300,50,2115350.65703874,2139452.12955272,2803.73464590662,3049.50756683574,91.94057022182957,162.40497066794867,59.70285110914788,59.70285110914788
VAH11,20% power reduction during discharge,409,409,2,400,8,350,50,2436898.99457884,2460886.33708091,2767.04086954949,3049.50756683574,90.73730131519739,185.50098692031793,53.686506575986925,53.686506575986925
VAH11,20% power reduction during discharge,460,460,3,450,9,400,50,2763898.72370584,2787831.99655891,2744.39428912405,3049.50756683574,89.99467058124782,208.62173039634126,49.973352906239086,49.973352906239086
VAH11,20% power reduction during discharge,511,511,4,500,10,450,50,3096571.71736347,3120601.28422801,2722.90066262341,3049.50756683574,89.28984771953765,231.75623738425068,46.449238597688236,46.449238597688236
VAH11,20% power reduction during discharge,562,562,0,550,11,500,50,3432100.30345671,3456182.97996873,2686.79858417834,3049.50756683574,88.10598187714099,254.95956933295244,40.529909385704954,40.529909385704954
VAH11,20% power reduction during discharge,613,613,1,600,12,550,50,3771747.09488463,3795851.81139894,2686.79858417834,3049.50756683574,88.10598187714099,278.20950130863207,40.529909385704954,40.529909385704954
VAH11,20% power reduction during discharge,664,664,2,650,13,600,50,4116267.74882092,4140422.9413405,2664.04377751108,3049.50756683574,87.35980216882594,301.4764811703582,36.79901084412968,36.79901084412968
VAH11,20% power reduction during discharge,715,715,3,700,14,650,50,4464962.65560011,4489125.90848059,2646.17344555187,3049.50756683574,86.77379503267206,324.7654092685896,33.868975163360275,33.868975163360275
VAH11,20% power reduction during discharge,766,766,4,750,15,700,50,4816743.49353557,4840797.07240297,2631.57526601821,3049.50756683574,86.29508890672507,348.100327261783,31.475444533625353,31.475444533625353
VAH11,20% power reduction during discharge,868,868,0,850,16,750,50,5541372.4329523,5565630.00148256,2541.14896156174,3049.50756683574,83.3298132851827,394.5148063269488,16.649066425913475,16.649066425913475
VAH11,20% power reduction during discharge,919,919,1,900,17,850,100,5919298.31037303,5943613.70290933,2526.1406381636,3049.50756683574,82.83765764794606,418.0676991348638,14.188288239730298,14.188288239730298
VAH11,20% power reduction during discharge,970,970,2,950,18,900,50,6300019.25302939,6324316.42392584,2515.98720820004,3049.50756683574,82.50470454843644,441.66987704298543,12.52352274218218,12.52352274218218
VAH11,20% power reduction during discharge,1021,1021,3,1000,19,950,50,6683971.53079998,6708305.50370081,2500.47768284694,3049.50756683574,81.99611340664781,465.30631527320844,9.98056703323904,9.98056703323904
VAH11,20% power reduction during discharge,1072,1072,4,1050,20,1000,50,7072861.24315915,7097441.67808936,2487.13549803442,3049.50756683574,81.5585940852459,488.98706425487,7.792970426229502,7.792970426229502
VAH11,20% power reduction during discharge,1123,1123,5,1100,21,1050,50,7465757.29859946,7490280.2835976,2475.68091157054,3049.50756683574,81.18297322801466,512.7029547710122,5.9148661400733005,5.9148661400733005
VAH11,20% power reduction during discharge,1174,1174,6,1150,22,1100,50,7862034.04154093,7886454.07461885,2468.53047194404,3049.50756683574,80.94849472714904,536.4689342405059,4.742473635745199,4.742473635745199
VAH11,20% power reduction during discharge,1225,1225,7,1200,23,1150,50,8259608.65947665,8284198.55242304,2454.74445335044,3049.50756683574,80.49642112865968,560.2474766280332,2.4821056432983823,2.4821056432983823
VAH11,20% power reduction during discharge,1276,1276,8,1250,24,1200,50,8660411.26691128,8684939.88390503,2443.91521692113,3049.50756683574,80.14130686211116,584.0776729966457,0.7065343105558242,0.7065343105558242
VAH11,20% power reduction during discharge,1327,1327,9,1300,25,1250,50,9063535.88454658,9088179.61545119,2435.78120541105,3049.50756683574,79.87457489533267,607.9881913426748,-0.6271255233366446,0.0
VAH11,20% power reduction during discharge,1378,1378,0,1350,26,1300,50,9469500.7559629,9494269.61854649,2416.38642628465,3049.50756683574,79.23857781379321,631.9850976185727,-3.8071109310339324,0.0
VAH11,20% power reduction during discharge,1429,1429,1,1400,27,1350,50,9879019.80467906,9903599.50124292,2416.38642628465,3049.50756683574,79.23857781379321,656.0396397012171,-3.8071109310339324,0.0
VAH11,20% power reduction during discharge,1480,1480,2,1450,28,1400,50,10291435.1020022,10316425.8069813,2402.84990365067,3049.50756683574,78.79468573163564,680.1201408891396,-6.026571341821807,0.0
VAH11,20% power reduction during discharge,1531,1531,3,1500,29,1450,50,10707181.4855629,10731874.0765065,2397.09613434566,3049.50756683574,78.60600709487528,704.2393938639743,-6.969964525623595,0.0
VAH11,20% power reduction during discharge,1582,1582,4,1550,30,1500,50,11124376.7232964,11149138.5362482,2383.83189898681,3049.50756683574,78.17104390596234,728.3641095454067,-9.144780470188323,0.0
VAH11,20% power reduction during discharge,1633,1633,5,1600,31,1550,50,11544847.117989,11569574.4828288,2374.1447289777,3049.50756683574,77.85338048664636,752.6086357011602,-10.733097566768208,0.0
VAH11,20% power reduction during discharge,1684,1684,6,1650,32,1600,50,11968326.3218524,11993322.388484,2360.05503072918,3049.50756683574,77.39134857035438,776.9166663768461,-13.043257148228093,0.0
VAH11,20% power reduction during discharge,1735,1735,7,1700,33,1650,50,12395698.3166994,12420580.4454193,2347.75174071646,3049.50756683574,76.98789687387323,801.3164628082826,-15.060515630633873,0.0
VAH11,20% power reduction during discharge,1786,1786,8,1750,34,1700,50,12824142.7867154,12848762.3956388,2340.26348256532,3049.50756683574,76.74234056725582,825.6856711469695,-16.288297163720884,0.0
VAH11,20% power reduction during discharge,1837,1837,9,1800,35,1750,50,13254802.0390153,13279647.0637639,2327.33865067951,3049.50756683574,76.31850715800735,850.1651836970354,-18.40746420996325,0.0
VAH11,20% power reduction during discharge,1888,1888,0,1850,36,1800,50,13688781.0151767,13713730.4617791,2299.55090969312,3049.50756683574,75.40728656329267,874.720491156505,-22.96356718353664,0.0
VAH11,20% power reduction during discharge,1949,1949,0,1909,37,1850,50,14199953.765233,14224987.6178442,2291.28503994756,3049.50756683574,75.13623067756693,903.5841314879837,-24.31884661216536,0.0
VAH11,20% power reduction during discharge,2000,2000,1,1959,38,1909,59,14639398.2730706,14664357.7416741,2291.28503994756,3049.50756683574,75.13623067756693,928.37044415465,-24.31884661216536,0.0
VAH11,20% power reduction during discharge,2051,2051,2,2009,39,1959,50,15082017.9367877,15107260.5697969,2266.30904567929,3049.50756683574,74.31721338638553,953.366066242492,-28.41393306807234,0.0
VAH11,20% power reduction during discharge,2102,2102,3,2059,40,2009,50,15526893.4298209,15551912.5728034,2259.94131724402,3049.50756683574,74.10840169152301,978.3699671654048,-29.457991542384935,0.0
VAH11,20% power reduction during discharge,2153,2153,4,2109,41,2059,50,15973238.9128172,15998221.6054591,2245.39097927484,3049.50756683574,73.63126439475356,1003.324559799444,-31.843678026232215,0.0
VAH11,20% power reduction during discharge,2204,2204,5,2159,42,2109,50,16422068.2630378,16447189.0375727,2236.94499103384,3049.50756683574,73.35430203096563,1028.4394476638543,-33.228489845171865,0.0
VAH11,20% power reduction during discharge,2249,2249,6,2203,43,2159,50,16893487.2377547,16918445.8044153,2208.0856585745,3049.50756683574,72.40794161615004,1050.6899441721414,-37.9602919192498,0.0
VAH12,Short cruise length (400 sec),0,0,0,0,0,0,0,0.0,27306.4792969881,3060.7959863102,3060.7959863102,100.0,1.0,100.0,100.0
VAH12,Short cruise length (400 sec),51,51,1,50,1,0,0,278050.233739714,302022.232240188,3060.7959863102,3060.7959863102,100.0,21.785900603491537,100.0,100.0
VAH12,Short cruise length (400 sec),102,102,2,100,2,50,50,557379.922876067,581233.88936423,2991.9422591534,3060.7959863102,97.75046336100945,42.62157402243577,88.75231680504726,88.75231680504726
VAH12,Short cruise length (400 sec),153,153,3,150,3,100,50,846256.989008289,869984.605483271,2940.27137683124,3060.7959863102,96.06231156803584,63.49923802996477,80.31155784017919,80.31155784017919
VAH12,Short cruise length (400 sec),204,204,4,200,4,150,50,1138088.57278251,1161738.35960178,2898.00466578275,3060.7959863102,94.68140571094726,84.44969870383332,73.4070285547363,73.4070285547363
VAH12,Short cruise length (400 sec),255,255,0,250,5,200,50,1432298.25985496,1455907.81066944,2826.21996064342,3060.7959863102,92.33611038710352,105.4504970629172,61.680551935517585,61.680551935517585
VAH12,Short cruise length (400 sec),307,307,0,300,6,250,50,1730349.45803275,1753967.96849635,2802.97303475751,3060.7959863102,91.57660449419576,127.45695131048622,57.883022470978815,57.883022470978815
VAH12,Short cruise length (400 sec),358,358,1,350,7,300,50,2030853.19137772,2054472.77984144,2802.97303475751,3060.7959863102,91.57660449419576,148.62001967296237,57.883022470978815,57.883022470978815
VAH12,Short cruise length (400 sec),409,409,2,400,8,350,50,2335594.06316467,2359118.41761845,2773.36925114509,3060.7959863102,90.60941217739887,169.80342877206263,53.04706088699434,53.04706088699434
VAH12,Short cruise length (400 sec),460,460,3,450,9,400,50,2646973.39776728,2670481.16456962,2753.51751537714,3060.7959863102,89.96083135539246,191.01942752058602,49.80415677696229,49.80415677696229
VAH12,Short cruise length (400 sec),511,511,4,500,10,450,50,2963222.165467,2986586.13225219,2728.31796499862,3060.7959863102,89.13753079922247,212.26550274751062,45.687653996112374,45.687653996112374
VAH12,Short cruise length (400 sec),562,562,0,550,11,500,50,3278463.91543423,3301888.81387764,2685.18193095832,3060.7959863102,87.72822308210473,233.6144320550718,38.64111541052367,38.64111541052367
VAH12,Short cruise length (400 sec),613,613,1,600,12,550,50,3597555.10071803,3620977.35516116,2685.18193095832,3060.7959863102,87.72822308210473,254.98928806109626,38.64111541052367,38.64111541052367
VAH12,Short cruise length (400 sec),664,664,2,650,13,600,50,3918476.52819274,3941263.49456961,2668.57754547218,3060.7959863102,87.1857372202438,276.41142643142916,35.92868610121897,35.92868610121897
VAH12,Short cruise length (400 sec),715,715,3,700,14,650,50,4242817.09111834,4265093.80777393,2637.69546659027,3060.7959863102,86.176781412015,297.85215406065333,30.883907060075018,30.883907060075018
VAH12,Short cruise length (400 sec),766,766,4,750,15,700,50,4570192.85614449,4593425.226914,2619.08032132786,3060.7959863102,85.56860153509186,319.31696415248825,27.84300767545929,27.84300767545929
VAH12,Short cruise length (400 sec),817,817,0,800,16,750,50,4903570.86800153,4927007.65644617,2618.5944981682,3060.7959863102,85.55272909008629,340.8072153518611,27.763645450431444,27.763645450431444
VAH12,Short cruise length (400 sec),870,870,0,852,17,800,50,5269295.68888641,5291934.88524786,2535.40216587353,3060.7959863102,82.8347324425881,363.2124570328673,14.173662212940528,14.173662212940528
VAH12,Short cruise length (400 sec),921,921,1,902,18,852,52,5618039.23126319,5641231.93968238,2530.54559408722,3060.7959863102,82.67606222059253,384.9001528263973,13.380311102962636,13.380311102962636
VAH12,Short cruise length (400 sec),972,972,2,952,19,902,50,5970556.95003365,5993931.64254016,2518.98898387107,3060.7959863102,82.29849343561509,406.6296355989479,11.49246717807543,11.49246717807543
VAH12,Short cruise length (400 sec),1023,1023,3,1002,20,952,50,6324525.91594999,6347803.01472483,2507.99002414069,3060.7959863102,81.93914378344701,428.40122507965026,9.695718917235041,9.695718917235041
VAH12,Short cruise length (400 sec),1074,1074,4,1052,21,1002,50,6678414.65013673,6701149.82484697,2481.48475230669,3060.7959863102,81.07318368834274,450.20142222487317,5.3659184417136885,5.3659184417136885
VAH12,Short cruise length (400 sec),1125,1125,5,1102,22,1052,50,7033847.62850756,7057288.36598606,2482.49806741898,3060.7959863102,81.10628994948598,472.06514188293534,5.531449747429917,5.531449747429917
VAH12,Short cruise length (400 sec),1176,1176,6,1152,23,1102,50,7393065.57380617,7416025.11801573,2459.24145198901,3060.7959863102,80.34646748715956,493.9433458258543,1.7323374357977883,1.7323374357977883
VAH12,Short cruise length (400 sec),1227,1227,7,1202,24,1152,50,7752016.68166975,7775352.0775881,2460.83257114171,3060.7959863102,80.39845132273099,515.8227666688284,1.992256613654959,1.992256613654959
VAH12,Short cruise length (400 sec),1278,1278,8,1252,25,1202,50,8108908.94112864,8132344.47696944,2449.29885151047,3060.7959863102,80.02163040154491,537.7398872315908,0.10815200772455569,0.10815200772455569
VAH12,Short cruise length (400 sec),1329,1329,9,1302,26,1252,50,8468668.71036564,8490846.71518081,2411.11555829869,3060.7959863102,78.7741348682732,559.6977470489422,-6.129325658634031,0.0
VAH12,Short cruise length (400 sec),1380,1380,0,1352,27,1302,50,8826897.9229705,8850146.63139553,2428.97487705653,3060.7959863102,79.35762095613133,581.6922371158346,-3.2118952193433614,0.0
VAH12,Short cruise length (400 sec),1431,1431,1,1402,28,1352,50,9190745.46292275,9214052.44135386,2428.97487705653,3060.7959863102,79.35762095613133,603.830961842151,-3.2118952193433614,0.0
VAH12,Short cruise length (400 sec),1482,1482,2,1452,29,1402,50,9552301.32282786,9574740.3315028,2413.31741833415,3060.7959863102,78.84607236575124,625.9886307452676,-5.769638171243798,0.0
VAH12,Short cruise length (400 sec),1533,1533,3,1502,30,1452,50,9913135.98384262,9936577.69263708,2394.28365576294,3060.7959863102,78.22421574229966,648.1519676782262,-8.878921288501687,0.0
VAH12,Short cruise length (400 sec),1584,1584,4,1552,31,1502,50,10271862.6666061,10295153.0753825,2394.28365576294,3060.7959863102,78.22421574229966,670.3424986628157,-8.878921288501687,0.0
VAH12,Short cruise length (400 sec),1635,1635,5,1602,32,1552,50,10637023.5043051,10658972.2532979,2385.31483180862,3060.7959863102,77.93119314313154,692.5058916173531,-10.344034284342314,0.0
VAH12,Short cruise length (400 sec),1686,1686,6,1652,33,1602,50,11006635.0719083,11029903.3358787,2352.55024345956,3060.7959863102,76.86073341645901,714.7620437739414,-15.696332917704936,0.0
VAH12,Short cruise length (400 sec),1737,1737,7,1702,34,1652,50,11367965.3939283,11391581.9756288,2352.55024345956,3060.7959863102,76.86073341645901,737.1035974596383,-15.696332917704936,0.0
VAH12,Short cruise length (400 sec),1788,1788,8,1752,35,1702,50,11729377.0538853,11752235.9141729,2351.40920266483,3060.7959863102,76.82345419890144,759.5213605271977,-15.882729005492777,0.0
VAH12,Short cruise length (400 sec),1839,1839,9,1802,36,1752,50,12100658.7441944,12124159.2979848,2337.06223779558,3060.7959863102,76.35472106760426,781.9532773237461,-18.226394661978702,0.0
VAH12,Short cruise length (400 sec),1890,1890,0,1852,37,1802,50,12472458.1270521,12495370.633442,2319.8030500703,3060.7959863102,75.79084200469141,804.3253891385086,-21.045789976542935,0.0
VAH12,Short cruise length (400 sec),1941,1941,1,1902,38,1852,50,12847591.8881815,12870657.7485875,2319.8030500703,3060.7959863102,75.79084200469141,826.7813159947202,-21.045789976542935,0.0
VAH12,Short cruise length (400 sec),1992,1992,2,1952,39,1902,50,13223712.5081736,13246229.4468578,2302.1379030608,3060.7959863102,75.21369974860804,849.3321393516661,-23.93150125695982,0.0
VAH12,Short cruise length (400 sec),2043,2043,3,2002,40,1952,50,13606561.1378126,13628303.8764045,2286.34724676857,3060.7959863102,74.69779942846728,871.87971127509,-26.511002857663613,0.0
VAH12,Short cruise length (400 sec),2094,2094,4,2052,41,2002,50,13986650.8031227,14008994.8277863,2264.62409142697,3060.7959863102,73.98807700858829,894.4450064654188,-30.059614957058546,0.0
VAH12,Short cruise length (400 sec),2145,2145,5,2102,42,2052,50,14373705.7810122,14396031.1357132,2264.62409142697,3060.7959863102,73.98807700858829,917.1688638840783,-30.059614957058546,0.0
VAH12,Short cruise length (400 sec),2196,2196,6,2152,43,2102,50,14763827.0167233,14787458.2544124,2258.55027658074,3060.7959863102,73.78963794654705,940.0561354032207,-31.051810267264774,0.0
VAH12,Short cruise length (400 sec),2247,2247,7,2202,44,2152,50,15156038.3928149,15179535.0526083,2258.55027658074,3060.7959863102,73.78963794654705,962.9450902164866,-31.051810267264774,0.0
VAH12,Short cruise length (400 sec),2298,2298,8,2252,45,2202,50,15549524.6439186,15572978.1437454,2248.27824672291,3060.7959863102,73.45403799464651,985.7693344953651,-32.72981002676744,0.0
VAH12,Short cruise length (400 sec),2349,2349,9,2302,46,2252,50,15939968.9073794,15963088.6434649,2248.27824672291,3060.7959863102,73.45403799464651,1008.6219943900817,-32.72981002676744,0.0
VAH13,Short cruise length (600 sec),0,0,0,0,0,0,0,0.0,27118.0692880391,3045.3144354844,3045.3144354844,100.0,1.0,100.0,100.0
VAH13,Short cruise length (600 sec),51,51,1,50,1,0,0,299625.903990231,324069.028539847,3045.3144354844,3045.3144354844,100.0,25.953931090043476,100.0,100.0
VAH13,Short cruise length (600 sec),102,102,2,100,2,50,50,600358.397359071,624389.379865698,2963.62207796578,3045.3144354844,97.31744096548029,50.97973552557025,86.58720482740144,86.58720482740144
VAH13,Short cruise length (600 sec),153,153,3,150,3,100,50,913368.358008549,937513.864527121,2905.53956727925,3045.3144354844,95.41016630084319,76.05776844371702,77.05083150421594,77.05083150421594
VAH13,Short cruise length (600 sec),204,204,4,200,4,150,50,1226980.56737924,1251117.28825655,2867.16832957018,3045.3144354844,94.15015724358581,101.26908796358853,70.75078621792905,70.75078621792905
VAH13,Short cruise length (600 sec),255,255,0,250,5,200,50,1546771.98750127,1570502.95633021,2785.77239407296,3045.3144354844,91.47733191728177,126.53935914268995,57.38665958640887,57.38665958640887
VAH13,Short cruise length (600 sec),306,306,0,300,6,250,50,1869208.13222441,1893316.4567391,2765.71825949597,3045.3144354844,90.81880764985911,151.90713256173606,54.094038249295544,54.094038249295544
VAH13,Short cruise length (600 sec),357,357,1,350,7,300,50,2195577.31226736,2219715.42478516,2765.71825949597,3045.3144354844,90.81880764985911,177.39424606610663,54.094038249295544,54.094038249295544
VAH13,Short cruise length (600 sec),408,408,2,400,8,350,50,2530665.94921982,2554781.61573528,2739.71367956635,3045.3144354844,89.96488663511558,202.90812671956465,49.82443317557788,49.82443317557788
VAH13,Short cruise length (600 sec),459,459,3,450,9,400,50,2871932.55458445,2895876.48743878,2717.41114968034,3045.3144354844,89.23253106532158,228.48395714982158,46.162655326607904,46.162655326607904
VAH13,Short cruise length (600 sec),510,510,4,500,10,450,50,3219808.22205438,3244070.8469467,2690.54898251713,3045.3144354844,88.35044917419702,254.11982061654828,41.75224587098512,41.75224587098512
VAH13,Short cruise length (600 sec),562,562,0,550,11,500,50,3569573.68363611,3592884.96806766,2634.45733123561,3045.3144354844,86.50854902004768,280.73200204050954,32.542745100238406,32.542745100238406
VAH13,Short cruise length (600 sec),613,613,1,600,12,550,50,3924418.30864928,3948794.75919194,2634.45733123561,3045.3144354844,86.50854902004768,306.5658189625394,32.542745100238406,32.542745100238406
VAH13,Short cruise length (600 sec),664,664,2,650,13,600,50,4286682.7724364,4310578.51719612,2631.28859380758,3045.3144354844,86.40449613831213,332.4694597574035,32.02248069156063,32.02248069156063
VAH13,Short cruise length (600 sec),715,715,3,700,14,650,50,4656121.12638792,4680514.00929578,2603.02781731359,3045.3144354844,85.4764876487883,358.4379973004123,27.382438243941465,27.382438243941465
VAH13,Short cruise length (600 sec),766,766,4,750,15,700,50,5031100.56908887,5055512.04799893,2590.82728396156,3045.3144354844,85.07585468918755,384.51228608124734,25.379273445937756,25.379273445937756
VAH13,Short cruise length (600 sec),866,866,0,849,16,750,50,5785273.58759262,5808082.82197181,2430.40430049656,3045.3144354844,79.80799198195015,435.8431272500258,-0.9600400902492368,0.0
VAH13,Short cruise length (600 sec),917,917,1,899,17,849,99,6191689.27598507,6216435.06856626,2444.44943912233,3045.3144354844,80.26919685662956,462.6056425413147,1.3459842831478142,1.3459842831478142
VAH13,Short cruise length (600 sec),968,968,2,949,18,899,50,6600167.69280954,6624064.90365831,2413.58230393706,3045.3144354844,79.25560250244392,489.5762802850518,-3.721987487780396,0.0
VAH13,Short cruise length (600 sec),1019,1019,3,999,19,949,50,7009526.01360875,7033131.35042273,2373.96078855991,3045.3144354844,77.95453766278483,516.7878403884423,-10.22731168607585,0.0
VAH13,Short cruise length (600 sec),1041,1041,4,1020,20,999,50,7659081.82078549,7681809.55917471,2357.58084732387,3045.3144354844,77.4166641005287,528.6852624818074,-12.91667949735647,0.0
VAH15,Extended cruise (1000 sec),0,0,0,0,0,0,0,0.0,26937.8032794769,3124.81633385374,3124.81633385374,100.0,1.0,100.0,100.0
VAH15,Extended cruise (1000 sec),51,51,1,50,1,0,0,359599.744245989,385260.868922653,3124.81633385374,3124.81633385374,100.0,33.79741342316493,100.0,100.0
VAH15,Extended cruise (1000 sec),102,102,2,100,2,50,50,722677.124117907,748141.508774049,3028.28266593896,3124.81633385374,96.91074106119612,66.75112685950099,84.5537053059806,84.5537053059806
VAH15,Extended cruise (1000 sec),153,153,3,150,3,100,50,1091812.86726602,1117142.43228554,2954.8561591067,3124.81633385374,94.5609547381803,99.89508392272573,72.8047736909015,72.8047736909015
VAH15,Extended cruise (1000 sec),204,204,4,200,4,150,50,1471614.10854177,1496894.83555546,2898.2866567523,3124.81633385374,92.75062426398458,133.16346226285606,63.75312131992289,63.75312131992289
VAH15,Extended cruise (1000 sec),255,255,0,250,5,200,50,1860476.40289767,1885662.36590007,2809.19059960523,3124.81633385374,89.89938285879163,166.5630360100592,49.49691429395813,49.49691429395813
VAH15,Extended cruise (1000 sec),306,306,0,300,6,250,50,2256207.55728776,2281427.16191837,2768.35548983871,3124.81633385374,88.59258254146995,200.17562605239672,42.96291270734976,42.96291270734976
VAH15,Extended cruise (1000 sec),357,357,1,350,7,300,50,2659031.29530554,2683928.17390249,2768.35548983871,3124.81633385374,88.59258254146995,233.94632222650085,42.96291270734976,42.96291270734976
VAH15,Extended cruise (1000 sec),408,408,2,400,8,350,50,3067306.71187482,3091891.87880559,2726.80790690001,3124.81633385374,87.26298174258201,267.88361404784337,36.31490871291007,36.31490871291007
VAH15,Extended cruise (1000 sec),459,459,3,450,9,400,50,3483566.75549678,3508715.06649469,2686.94982289464,3124.81633385374,85.98744808725789,301.9388360681142,29.937240436289443,29.937240436289443
VAH15,Extended cruise (1000 sec),510,510,4,500,10,450,50,3910374.88837617,3935486.78936974,2668.23951109895,3124.81633385374,85.38868291847068,336.1633492823034,26.943414592353395,26.943414592353395
VAH16,CC charge current reduced to 1.5C,0,0,0,0,0,0,0,0.0,27237.0572936907,3138.37952732628,3138.37952732628,100.0,1.0,100.0,100.0
VAH16,CC charge current reduced to 1.5C,51,51,1,50,1,0,0,303839.292429722,328912.433045054,3138.37952732628,3138.37952732628,100.0,29.427554095089477,100.0,100.0
VAH16,CC charge current reduced to 1.5C,102,102,2,100,2,50,50,610182.994383857,634927.412964899,3043.82803157071,3138.37952732628,96.98725106596262,57.94820660800628,84.93625532981312,84.93625532981312
VAH16,CC charge current reduced to 1.5C,153,153,3,150,3,100,50,927186.065449848,951851.722022675,2979.43804286772,3138.37952732628,94.93555565620296,86.55936422380117,74.67777828101482,74.67777828101482
VAH16,CC charge current reduced to 1.5C,204,204,4,200,4,150,50,1253243.02450996,1277862.34944481,2926.68417920255,3138.37952732628,93.25462882100553,115.2880516230884,66.27314410502763,66.27314410502763
VAH16,CC charge current reduced to 1.5C,255,255,0,250,5,200,50,1588449.55646961,1612897.94338408,2835.36241615516,3138.37952732628,90.34479072614671,144.12800792064118,51.72395363073356,51.72395363073356
VAH16,CC charge current reduced to 1.5C,306,306,0,300,6,250,50,1927931.26898143,1952577.13355219,2806.76033907336,3138.37952732628,89.43342621994985,173.13675239998852,47.167131099749255,47.167131099749255
VAH16,CC charge current reduced to 1.5C,357,357,1,350,7,300,50,2278779.83757778,2302930.10609685,2806.76033907336,3138.37952732628,89.43342621994985,202.3280934700097,47.167131099749255,47.167131099749255
VAH16,CC charge current reduced to 1.5C,408,408,2,400,8,350,50,2638934.90914488,2663509.66973856,2755.60413117198,3138.37952732628,87.80340641336,231.66084509201033,39.01703206679997,39.01703206679997
VAH16,CC charge current reduced to 1.5C,459,459,3,450,9,400,50,3010245.11307256,3034693.40198702,2731.19957120723,3138.37952732628,87.02578982007493,261.1465806282138,35.12894910037467,35.12894910037467
VAH16,CC charge current reduced to 1.5C,510,510,4,500,10,450,50,3389051.4802297,3413936.07719618,2696.08776657472,3138.37952732628,85.90700210409645,290.83709567284956,29.535010520482246,29.535010520482246
VAH17,Baseline,0,0,0,0,0,0,0,0.0,27207.6132922922,3111.97913755261,3111.97913755261,99.99999999999999,1.0,99.99999999999993,99.99999999999993
VAH17,Baseline,51,51,1,50,1,0,0,325889.388729726,350946.441343379,3111.97913755261,3111.97913755261,99.99999999999999,29.72550842760469,99.99999999999993,99.99999999999993
VAH17,Baseline,102,102,2,100,2,50,50,655091.743068203,679918.181657802,3022.3919714252,3111.97913755261,97.12121572261357,58.539462233681746,85.60607861306785,85.60607861306785
VAH17,Baseline,153,153,3,150,3,100,50,993409.464357486,1018147.97093791,2964.24285158497,3111.97913755261,95.25265821403204,87.44059185457864,76.2632910701602,76.2632910701602
VAH17,Baseline,204,204,4,200,4,150,50,1339471.7087892,1364110.69772639,2910.75840174846,3111.97913755261,93.53399470529875,116.43900728003037,67.66997352649376,67.66997352649376
VAH17,Baseline,255,255,0,250,5,200,50,1690402.60862334,1715036.55955993,2824.19684237439,3111.97913755261,90.75243494708823,145.57705439845844,53.76217473544116,53.76217473544116
VAH17,Baseline,306,306,0,300,6,250,50,2043652.39057404,2067783.94309116,2783.16146716651,3111.97913755261,89.43380865192124,174.82139289614622,47.1690432596062,47.1690432596062
VAH17,Baseline,357,357,1,350,7,300,50,2400718.92181898,2425202.27637279,2783.16146716651,3111.97913755261,89.43380865192124,204.19409622322001,47.1690432596062,47.1690432596062
VAH17,Baseline,408,408,2,400,8,350,50,2767304.28011181,2791735.48102423,2759.52220066761,3111.97913755261,88.67418702677465,233.6408048262923,43.37093513387323,43.37093513387323
VAH17,Baseline,459,459,3,450,9,400,50,3140430.28859181,3164809.98749809,2731.11672754112,3111.97913755261,87.76140863492368,263.1676909354916,38.807043174618414,38.807043174618414
VAH17,Baseline,510,510,4,500,10,450,50,3522224.76810516,3546648.45501669,2703.55598042877,3111.97913755261,86.87577457717016,292.79791632909905,34.37887288585081,34.37887288585081
VAH17,Baseline,561,561,0,550,11,500,50,3910281.57768339,3934669.08222721,2654.92370255163,3111.97913755261,85.31303023578661,322.49605440958084,26.565151178933064,26.565151178933064
VAH17,Baseline,612,612,1,600,12,550,50,4302186.8805623,4325540.17299823,2608.00985086504,3111.97913755261,83.80550561518504,352.29318821463175,19.027528075925204,19.027528075925204
VAH17,Baseline,663,663,2,650,13,600,50,4701760.17982851,4725531.33466225,2599.29811402159,3111.97913755261,83.52556360855897,382.1886853918548,17.627818042794843,17.627818042794843
VAH17,Baseline,714,714,3,700,14,650,50,5109171.14039558,5133040.09724098,2575.7240572306,3111.97913755261,82.76803742509202,412.1747893068834,13.84018712546009,13.84018712546009
VAH17,Baseline,765,765,4,750,15,700,50,5526093.16209646,5549846.23892804,2565.40806766741,3111.97913755261,82.43654453560873,442.2082728178969,12.18272267804366,12.18272267804366
VAH17,Baseline,816,816,5,800,16,750,50,5940721.28605655,5965187.84309837,2545.69328879197,3111.97913755261,81.80303197000251,472.44148871552864,9.015159850012537,9.015159850012537
VAH17,Baseline,867,867,6,850,17,800,50,6360173.50904031,6384662.67206458,2521.57210115013,3111.97913755261,81.02792434313038,502.8234886098573,5.139621715651899,5.139621715651899
VAH17,Baseline,918,918,7,900,18,850,50,6785547.70543532,6808691.79550195,2468.09517511716,3111.97913755261,79.3095026034838,533.3424636176582,-3.4524869825809645,0.0
VAH17,Baseline,969,969,8,950,19,900,50,7212213.36482964,7236551.9359707,2472.1529112164,3111.97913755261,79.43989345508928,564.0807592383288,-2.8005327245536193,0.0
VAH17,Baseline,1001,1001,9,981,20,950,50,7698316.58216831,7721188.25444604,2435.60250077675,3111.97913755261,78.26538653122877,583.4289663281573,-8.673067343856147,0.0
VAH20,Charge current reduced to 1.5C,0,0,0,0,0,0,0,0.0,27198.9612918813,3139.66875462651,3139.66875462651,100.0,1.0,100.0,100.0
VAH20,Charge current reduced to 1.5C,51,51,1,50,1,0,0,311049.149181768,336093.707794119,3040.79287982013,3139.66875462651,96.85075456891178,29.38194851172015,84.25377284455891,84.25377284455891
VAH20,Charge current reduced to 1.5C,102,102,2,100,2,50,50,625740.974006679,650554.314594912,2970.65877911883,3139.66875462651,94.61694883389745,57.856727689838216,73.08474416948727,73.08474416948727
VAH20,Charge current reduced to 1.5C,153,153,3,150,3,100,50,948948.213719817,973541.402285086,2918.40409799663,3139.66875462651,92.9526114401772,86.45305427910162,64.76305720088597,64.76305720088597
VAH20,Charge current reduced to 1.5C,204,204,4,200,4,150,50,1281379.78386411,1305956.48879388,2865.58529770503,3139.66875462651,91.27030657238603,115.16153312594946,56.351532861930174,56.351532861930174
VAH20,Charge current reduced to 1.5C,255,255,5,250,5,200,50,1614340.63955606,1638844.72447717,2824.93707022411,3139.66875462651,89.97564045765586,144.0257297071332,49.87820228827928,49.87820228827928
VAH20,Charge current reduced to 1.5C,306,306,6,300,6,250,50,1954784.30014003,1978953.74502125,2780.2049795076,3139.66875462651,88.55090128252492,173.0121397773503,42.75450641262459,42.75450641262459
VAH20,Charge current reduced to 1.5C,357,357,7,350,7,300,50,2303406.42129344,2327925.04629506,2752.33713812903,3139.66875462651,87.66329677528175,202.13680034084993,38.31648387640875,38.31648387640875
VAH20,Charge current reduced to 1.5C,408,408,8,400,8,350,50,2662069.15338048,2686371.98854924,2709.05341036918,3139.66875462651,86.28468867542827,231.4313325484231,31.423443377141353,31.423443377141353
VAH20,Charge current reduced to 1.5C,459,459,9,450,9,400,50,3027306.00837353,3051334.79775464,2671.85236297585,3139.66875462651,85.09981694848219,260.927538491299,25.49908474241093,25.49908474241093
VAH20,Charge current reduced to 1.5C,510,510,0,500,10,450,50,3401879.58013193,3426593.6789819,2647.94732488693,3139.66875462651,84.33842968259005,290.6467305609941,21.69214841295023,21.69214841295023
VAH20,Charge current reduced to 1.5C,561,561,0,550,11,500,50,3788741.14749364,3812321.16395322,2586.63786744234,3139.66875462651,82.38569319233942,320.57033330453885,11.928465961697086,11.928465961697086
VAH20,Charge current reduced to 1.5C,610,610,0,598,12,550,50,4219890.01846596,4245008.36765902,2575.93321773855,3139.66875462651,82.04474481401077,349.6107666441495,10.223724070053848,10.223724070053848
VAH22,Extended cruise (1000 sec),0,0,0,0,0,0,0,0.0,27192.6012915792,3125.63953773419,3125.63953773419,100.0,1.0,100.0,100.0
VAH22,Extended cruise (1000 sec),51,51,1,50,1,0,0,364145.102720107,389826.25939886,3023.87633086338,3125.63953773419,96.744243677421,33.697866284476625,83.72121838710498,83.72121838710498
VAH22,Extended cruise (1000 sec),102,102,2,100,2,50,50,725942.626458525,751413.013115293,2954.13880483652,3125.63953773419,94.51309945285652,66.60110201031733,72.56549726428261,72.56549726428261
VAH22,Extended cruise (1000 sec),153,153,3,150,3,100,50,1095495.90170508,1120878.59473092,2896.4528012433,3125.63953773419,92.66752503850685,99.68167488731066,63.337625192534254,63.337625192534254
VAH22,Extended cruise (1000 sec),204,204,4,200,4,150,50,1473447.15676028,1498467.44374293,2842.83321823754,3125.63953773419,90.95204945795959,132.92083554715646,54.76024728979794,54.76024728979794
VAH22,Extended cruise (1000 sec),255,255,5,250,5,200,50,1860557.04690729,1885833.37192046,2804.04941349662,3125.63953773419,89.71122164423687,166.34734563426767,48.55610822118436,48.55610822118436
VAH22,Extended cruise (1000 sec),306,306,6,300,6,250,50,2256234.53784508,2281468.65429214,2765.45032753431,3125.63953773419,88.47630362197859,199.93582308764317,42.38151810989294,42.38151810989294
VAH22,Extended cruise (1000 sec),357,357,7,350,7,300,50,2657805.73468405,2683046.84912578,2729.8855967004,3125.63953773419,87.33846509630871,233.69574039008467,36.69232548154355,36.69232548154355
VAH22,Extended cruise (1000 sec),408,408,8,400,8,350,50,3069538.44164929,3094506.5823026,2689.91793017845,3125.63953773419,86.05976145695932,267.55261882071517,30.298807284796613,30.298807284796613
VAH22,Extended cruise (1000 sec),459,459,9,450,9,400,50,3488830.91875684,3514006.15924958,2662.24355740349,3125.63953773419,85.17436272684786,301.61596810269407,25.8718136342393,25.8718136342393
VAH22,Extended cruise (1000 sec),510,510,0,500,10,450,50,3918193.65006135,3943488.52046145,2633.91422698662,3125.63953773419,84.26800964054777,335.91830619496693,21.34004820273887,21.34004820273887
VAH23,CV charge voltage reduced to 4.1V,0,0,0,0,0,0,0,0.0,26657.0292661409,3021.29975499781,3021.29975499781,99.99999999999999,1.0,99.99999999999993,99.99999999999993
VAH23,CV charge voltage reduced to 4.1V,51,51,1,50,1,0,0,413697.543888829,439920.426624088,2947.00438678248,3021.29975499781,97.5409468030297,31.380866941517162,87.70473401514849,87.70473401514849
VAH23,CV charge voltage reduced to 4.1V,102,102,2,100,2,50,50,819055.438170946,844935.572870455,2897.70178332737,3021.29975499781,95.90911257759231,61.828645765928535,79.54556288796155,79.54556288796155
VAH23,CV charge voltage reduced to 4.1V,153,153,3,150,3,100,50,1223390.83695131,1249049.79401009,2858.21413172496,3021.29975499781,94.60213694443675,92.35359340506973,73.01068472218375,73.01068472218375
VAH23,CV charge voltage reduced to 4.1V,204,204,4,200,4,150,50,1626207.61697071,1651483.09198378,2817.35108555857,3021.29975499781,93.24963803734238,122.91160144810621,66.2481901867119,66.2481901867119
VAH23,CV charge voltage reduced to 4.1V,255,255,0,250,5,200,50,2026474.80268619,2051585.19767957,2788.13983545275,3021.29975499781,92.28279421267722,153.55907156831094,61.413971063386086,61.413971063386086
VAH23,CV charge voltage reduced to 4.1V,306,306,0,300,6,250,50,2427979.61967738,2453471.79233642,2771.67120663694,3021.29975499781,91.73770997240719,184.30236256859158,58.68854986203594,58.68854986203594
VAH23,CV charge voltage reduced to 4.1V,357,357,1,350,7,300,50,2827320.66733189,2852695.39997868,2771.67120663694,3021.29975499781,91.73770997240719,215.21608897330447,58.68854986203594,58.68854986203594
VAH23,CV charge voltage reduced to 4.1V,408,408,2,400,8,350,50,3220869.44818088,3246150.00319455,2741.59105456074,3021.29975499781,90.74210693677851,246.22582352257987,53.71053468389256,53.71053468389256
VAH23,CV charge voltage reduced to 4.1V,459,459,3,450,9,400,50,3612818.0429047,3637999.96990662,2715.18767396263,3021.29975499781,89.86819892568384,277.2978108609027,49.34099462841921,49.34099462841921
VAH23,CV charge voltage reduced to 4.1V,510,510,4,500,10,450,50,4010275.64828524,4035407.35728117,2691.00214197843,3021.29975499781,89.0676980172853,308.4172723344619,45.338490086426475,45.338490086426475
VAH23,CV charge voltage reduced to 4.1V,561,561,0,550,11,500,50,4404120.99447781,4429206.86309447,2649.06878663844,3021.29975499781,87.6797736555723,339.6178004886392,38.398868277861524,38.398868277861524
VAH23,CV charge voltage reduced to 4.1V,612,612,1,600,12,550,50,4802798.27206309,4827446.4786341,2649.06878663844,3021.29975499781,87.6797736555723,370.9933116036671,38.398868277861524,38.398868277861524
VAH23,CV charge voltage reduced to 4.1V,663,663,2,650,13,600,50,5203894.38568745,5228965.31267613,2621.13445530538,3021.29975499781,86.7551937198393,402.4824878425269,33.77596859919649,33.77596859919649
VAH23,CV charge voltage reduced to 4.1V,696,696,3,682,14,650,50,5675098.51785924,5699813.23680546,2608.48660068627,3021.29975499781,86.33657075473336,422.96184140055925,31.682853773666796,31.682853773666796
VAH24,CC charge current reduced to C/2,0,0,0,0,0,0,0,0.0,26937.8772794804,3049.63859068066,3049.63859068066,100.0,1.0,100.0,100.0
VAH24,CC charge current reduced to C/2,51,51,1,50,1,0,0,416403.314171062,441348.150773011,2960.03348752395,3049.63859068066,97.06177960134252,30.18711059956948,85.30889800671261,85.30889800671261
VAH24,CC charge current reduced to C/2,102,102,2,100,2,50,50,834733.861806333,859740.016414678,2906.00831753256,3049.63859068066,95.2902526356068,59.48583456960082,76.45126317803403,76.45126317803403
VAH24,CC charge current reduced to C/2,153,153,3,150,3,100,50,1257650.77903541,1282549.52800356,2857.97562883226,3049.63859068066,93.7152237503126,88.91462363618538,68.57611875156302,68.57611875156302
VAH24,CC charge current reduced to C/2,204,204,4,200,4,150,50,1692116.0748276,1716949.62778798,2814.45261174613,3049.63859068066,92.28807047322819,118.43001045443319,61.44035236614094,61.44035236614094
VAH24,CC charge current reduced to C/2,255,255,0,250,5,200,50,2132966.66936019,2157792.94412333,2779.18143909433,3049.63859068066,91.13150153553225,148.0743137501812,55.65750767766126,55.65750767766126
VAH24,CC charge current reduced to C/2,307,307,0,300,6,250,50,2577976.4586887,2602835.65528171,2746.09234754503,3049.63859068066,90.04648471909977,178.77893909410574,50.23242359549883,50.23242359549883
VAH24,CC charge current reduced to C/2,358,358,1,350,7,300,50,3031011.64594394,3055853.80853518,2746.09234754503,3049.63859068066,90.04648471909977,208.75255663803765,50.23242359549883,50.23242359549883
VAH24,CC charge current reduced to C/2,409,409,2,400,8,350,50,3489511.89998833,3514399.39695514,2714.24981388165,3049.63859068066,89.00234349657303,238.83463493189697,45.011717482865166,45.011717482865166
VAH24,CC charge current reduced to C/2,460,460,3,450,9,400,50,3957170.56773748,3982058.05870429,2684.98586385316,3049.63859068066,88.04275601896447,269.0129295213026,40.21378009482234,40.21378009482234
VAH24,CC charge current reduced to C/2,511,511,4,500,10,450,50,4430315.4793475,4454653.548489,2661.50056620091,3049.63859068066,87.2726550068636,299.286247629691,36.36327503431801,36.36327503431801
VAH24,CC charge current reduced to C/2,562,562,0,550,11,500,50,4907432.00245428,4931931.41500977,2602.31209134173,3049.63859068066,85.3318192947221,329.76670982222555,26.659096473610475,26.659096473610475
VAH24,CC charge current reduced to C/2,613,613,1,600,12,550,50,5389532.95674132,5414149.40330902,2602.31209134173,3049.63859068066,85.3318192947221,360.4359229972812,26.659096473610475,26.659096473610475
VAH24,CC charge current reduced to C/2,664,664,2,650,13,600,50,5882367.21979744,5906009.41461581,2577.00130200349,3049.63859068066,84.50185900317847,391.230709657124,22.509295015892334,22.509295015892334
VAH24,CC charge current reduced to C/2,715,715,3,700,14,650,50,6376051.80664911,6401210.65964827,2533.63625889979,3049.63859068066,83.07988581474169,422.1756899112558,15.399429073708433,15.399429073708433
VAH24,CC charge current reduced to C/2,766,766,4,750,15,700,50,6879956.59932986,6903592.08301568,2532.45639671352,3049.63859068066,83.0411972242354,453.4347580779423,15.20598612117702,15.20598612117702
VAH24,CC charge current reduced to C/2,802,802,0,784,16,750,50,8186699.54908572,8210134.03587932,2467.82523739089,3049.63859068066,80.92189169340512,475.7279457276852,4.609458467025576,4.609458467025576
VAH25,Thermal chamber temperature 20C,0,0,0,0,0,0,0,0.0,27486.7713055515,3027.0180461264,3027.0180461264,100.0,1.0,100.0,100.0
VAH25,Thermal chamber temperature 20C,51,51,1,50,1,0,0,336342.481820068,361555.044449943,2933.12904883692,3027.0180461264,96.89830070852642,30.50924712480642,84.4915035426321,84.4915035426321
VAH25,Thermal chamber temperature 20C,102,102,2,100,2,50,50,675628.983210403,700685.617824014,2871.46215431376,3027.0180461264,94.86108475594651,60.11989501772437,74.30542377973254,74.30542377973254
VAH25,Thermal chamber temperature 20C,153,153,3,150,3,100,50,1022221.11536278,1047203.76396867,2820.06510114259,3027.0180461264,93.16314135461984,89.8627208943899,65.8157067730992,65.8157067730992
VAH25,Thermal chamber temperature 20C,205,205,0,201,4,150,50,1385303.79561302,1410264.99486836,2775.34637213169,3027.0180461264,91.68582181672923,120.31891592387835,58.42910908364615,58.42910908364615
VAH25,Thermal chamber temperature 20C,256,256,0,251,5,201,51,1753060.30336151,1778083.37797162,2741.99564397847,3027.0180461264,90.58405342139713,150.34228935026826,52.92026710698565,52.92026710698565
VAH25,Thermal chamber temperature 20C,307,307,1,301,6,251,50,2132116.48690015,2157283.09752523,2703.18258945549,3027.0180461264,89.30183263739329,180.54198720905265,46.50916318696645,46.50916318696645
VAH25,Thermal chamber temperature 20C,358,358,2,351,7,301,50,2524930.51285863,2550132.2658629,2662.65501571889,3027.0180461264,87.96297131846384,210.92297380888334,39.81485659231922,39.81485659231922
VAH25,Thermal chamber temperature 20C,409,409,3,401,8,351,50,2929694.11511011,2955159.58214582,2628.85759141786,3027.0180461264,86.84644595303766,241.50586913785511,34.23222976518829,34.23222976518829
VAH25,Thermal chamber temperature 20C,460,460,0,451,9,401,50,3345023.66662115,3370507.82365909,2592.45636105308,3027.0180461264,85.64390173922426,272.31960319550734,28.219508696121306,28.219508696121306
VAH25,Thermal chamber temperature 20C,461,461,0,451,10,451,50,3370507.82365909,3398172.6349731,2606.82758569788,3027.0180461264,86.11866681910841,273.1807898636984,30.59333409554206,30.59333409554206
VAH25,Thermal chamber temperature 20C,512,512,1,501,11,451,0,3798674.24905714,3824304.72773061,2555.22958209733,3027.0180461264,84.4140848571152,304.2564039329961,22.070424285575996,22.070424285575996
VAH25,Thermal chamber temperature 20C,553,553,0,541,12,501,50,4406938.05450399,4431968.74330689,2529.50080089409,3027.0180461264,83.56411367058183,329.4664797498376,17.820568352909163,17.820568352909163
VAH26,Short cruise length (600 sec),0,0,0,0,0,0,0,0.0,27378.1113003905,3052.75814598762,3052.75814598762,100.0,1.0,100.0,100.0
VAH26,Short cruise length (600 sec),51,51,1,50,1,0,0,297515.89377014,321724.866295332,3052.75814598762,3052.75814598762,100.0,25.95358647153239,100.0,100.0
VAH26,Short cruise length (600 sec),102,102,2,100,2,50,50,597134.973022841,621551.895569725,2966.91078005284,3052.75814598762,97.18787529737287,50.96737753671062,85.93937648686435,85.93937648686435
VAH26,Short cruise length (600 sec),153,153,3,150,3,100,50,902500.36687493,926823.419412021,2916.80664681421,3052.75814598762,95.54660105150822,76.07242835123641,77.7330052575411,77.7330052575411
VAH26,Short cruise length (600 sec),204,204,4,200,4,150,50,1212545.58765846,1236610.34052719,2869.4466552664,3052.75814598762,93.99521737540344,101.27598499777581,69.97608687701721,69.97608687701721
VAH26,Short cruise length (600 sec),255,255,0,250,5,200,50,1528722.88134965,1552874.1342287,2795.34818582695,3052.75814598762,91.56795435960116,126.53322097350308,57.8397717980058,57.8397717980058
VAH26,Short cruise length (600 sec),306,306,1,300,6,250,50,1848717.56782439,1872989.0443561,2768.85560149756,3052.75814598762,90.70012981987433,151.9289414871166,53.50064909937167,53.50064909937167
VAH26,Short cruise length (600 sec),357,357,2,350,7,300,50,2174136.67576824,2197683.23422434,2768.85560149756,3052.75814598762,90.70012981987433,177.4156347529327,53.50064909937167,53.50064909937167
VAH26,Short cruise length (600 sec),408,408,3,400,8,350,50,2505456.91632763,2529145.17879851,2729.50924979644,3052.75814598762,89.4112510479731,202.94610705662606,47.05625523986548,47.05625523986548
VAH26,Short cruise length (600 sec),459,459,4,450,9,400,50,2843368.08117931,2867072.70000511,2705.15969715131,3052.75814598762,88.61362635971753,228.514566753697,43.06813179858764,43.06813179858764
VAH26,Short cruise length (600 sec),510,510,0,500,10,450,50,3185996.80802375,3210184.39490713,2666.20123747856,3052.75814598762,87.33745386881927,254.14215999851018,36.687269344096336,36.687269344096336
VAH26,Short cruise length (600 sec),561,561,0,550,11,500,50,3529795.48298198,3554144.45152178,2649.13584576369,3052.75814598762,86.7784383523985,279.9194877161837,33.89219176199248,33.89219176199248
VAH26,Short cruise length (600 sec),612,612,1,600,12,550,50,3881089.41962479,3905387.92215932,2649.13584576369,3052.75814598762,86.7784383523985,305.80450945963804,33.89219176199248,33.89219176199248
VAH26,Short cruise length (600 sec),663,663,2,650,13,600,50,4238090.82886293,4262665.10548441,2622.4636082657,3052.75814598762,85.90472886666517,331.81018313457105,29.52364433332583,29.52364433332583
VAH26,Short cruise length (600 sec),714,714,3,700,14,650,50,4600941.03980996,4625218.45270405,2597.18810540016,3052.75814598762,85.07677258395866,357.8141821524919,25.383862919793287,25.383862919793287
VAH26,Short cruise length (600 sec),765,765,4,750,15,700,50,4967274.67348025,4990886.14429495,2585.46690950395,3052.75814598762,84.69281829293118,383.90304545439125,23.464091464655894,23.464091464655894
VAH26,Short cruise length (600 sec),816,816,0,800,16,750,50,5337048.33313929,5359836.81951632,2506.53932370683,3052.75814598762,82.10736664485817,410.14095389773456,10.536833224290874,10.536833224290874
VAH26,Short cruise length (600 sec),867,867,1,850,17,800,50,5710938.14813903,5734191.64656456,2506.53932370683,3052.75814598762,82.10736664485817,436.4742803712399,10.536833224290874,10.536833224290874
VAH26,Short cruise length (600 sec),924,924,0,903,18,850,50,6116663.73919632,6140186.1736499,2489.1902239808,3052.75814598762,81.53905763063663,464.9330424666944,7.695288153183171,7.695288153183171
VAH26,Short cruise length (600 sec),975,975,1,953,19,903,53,6503747.92557234,6526974.98399511,2489.1902239808,3052.75814598762,81.53905763063663,491.541267719856,7.695288153183171,7.695288153183171
VAH26,Short cruise length (600 sec),1026,1026,2,1003,20,953,50,6893847.31542546,6916717.92015184,2455.51931347041,3052.75814598762,80.43609077574035,518.4353785560195,2.180453878701769,2.180453878701769
VAH26,Short cruise length (600 sec),1077,1077,0,1053,21,1003,50,7284995.35330298,7308479.88975261,2416.72471335033,3052.75814598762,79.1652858752254,545.4495169611537,-4.173570623873033,0.0
VAH26,Short cruise length (600 sec),1128,1128,1,1103,22,1053,50,7678531.87035204,7702647.86086753,2416.72471335033,3052.75814598762,79.1652858752254,572.5915201180787,-4.173570623873033,0.0
VAH26,Short cruise length (600 sec),1163,1163,2,1137,23,1103,50,8037579.48288073,8060177.2775746,2410.18074042116,3052.75814598762,78.95092323605691,591.2815167611009,-5.245383819715457,0.0
VAH27,Baseline,0,0,0,0,0,0,0,0.0,27181.4952910517,3120.67515240711,3120.67515240711,99.99999999999999,1.0,99.99999999999993,99.99999999999993
VAH27,Baseline,51,51,1,50,1,0,0,327592.296907352,352542.833509896,3120.67515240711,3120.67515240711,99.99999999999999,29.610066385594656,99.99999999999993,99.99999999999993
VAH27,Baseline,102,102,2,100,2,50,50,658014.447373065,682859.801964637,3025.68288078617,3120.67515240711,96.95603460848308,58.313161853785694,84.7801730424154,84.7801730424154
VAH27,Baseline,153,153,3,150,3,100,50,995234.016547801,1019956.60912657,2961.89743141021,3120.67515240711,94.91207148317157,87.14381683198249,74.56035741585787,74.56035741585787
VAH27,Baseline,204,204,4,200,4,150,50,1337192.63651751,1361845.42345635,2909.90535766009,3120.67515240711,93.2460193883223,116.12140325537389,66.23009694161148,66.23009694161148
VAH27,Baseline,255,255,0,250,5,200,50,1687272.34625018,1711823.13517686,2819.32097256351,3120.67515240711,90.34330184571911,145.21499758879776,51.716509228595555,51.716509228595555
VAH27,Baseline,307,307,1,300,6,250,50,2047535.26093118,2072271.7855114,2787.16646370588,3120.67515240711,89.31293158007873,174.4995070980192,46.56465790039363,46.56465790039363
VAH27,Baseline,358,358,2,350,7,300,50,2417832.22755616,2442610.59014074,2787.16646370588,3120.67515240711,89.31293158007873,203.95762374484065,46.56465790039363,46.56465790039363
VAH27,Baseline,409,409,3,400,8,350,50,2800432.47006099,2825256.85702028,2750.65706599028,3120.67515240711,88.14301174117982,233.55853279057808,40.7150587058991,40.7150587058991
VAH27,Baseline,460,460,4,450,9,400,50,3194350.65501961,3219208.29598286,2718.51794770658,3120.67515240711,87.11313465644353,263.279266873919,35.56567328221767,35.56567328221767
VAH27,Baseline,511,511,0,500,10,450,50,3596740.88898816,3621687.72596205,2650.50803695636,3120.67515240711,84.93380142152604,293.2727493568758,24.669007107630208,24.669007107630208
VAH27,Baseline,562,562,0,550,11,500,50,4005337.11071661,4030518.90734328,2613.29376131298,3120.67515240711,83.74129422914253,323.60440489091627,18.706471145712626,18.706471145712626
VAH27,Baseline,586,586,1,573,12,550,50,4218754.96697783,4291400.91455539,2613.29376131298,3120.67515240711,83.74129422914253,338.0659396690123,18.706471145712626,18.706471145712626
VAH28,10% power reduction during discharge,0,0,0,0,0,0,0,0.0,27481.3653052947,3020.37559421475,3020.37559421475,100.0,1.0,100.0,100.0
VAH28,10% power reduction during discharge,51,51,1,50,1,0,0,307764.09483911,332572.081426784,3020.37559421475,3020.37559421475,100.0,27.24687245208628,100.0,100.0
VAH28,10% power reduction during discharge,102,102,2,100,2,50,50,618136.013213421,642770.059782952,2942.68127724944,3020.37559421475,97.42766041699825,53.55319306970439,87.13830208499125,87.13830208499125
VAH28,10% power reduction during discharge,153,153,3,150,3,100,50,935143.242279846,959712.890842659,2889.73669671054,3020.37559421475,95.67474661911463,79.93330639804248,78.37373309557314,78.37373309557314
VAH28,10% power reduction during discharge,204,204,4,200,4,150,50,1259705.21328031,1284159.07019543,2843.71957456419,3020.37559421475,94.15119033576724,106.37657031799027,70.7559516788362,70.7559516788362
VAH28,10% power reduction during discharge,255,255,0,250,5,200,50,1591176.52079469,1615665.57771401,2776.34123654829,3020.37559421475,91.9203969819553,132.85919958988507,59.60198490977653,59.60198490977653
VAH28,10% power reduction during discharge,256,256,0,250,6,250,50,1615665.57771401,1643535.60903776,2790.83525010176,3020.37559421475,92.40027152408948,133.78320230512597,62.00135762044738,62.00135762044738
VAH28,10% power reduction during discharge,307,307,1,300,7,250,0,1957477.55810459,1982125.21267554,2790.83525010176,3020.37559421475,92.40027152408948,160.4064038040026,62.00135762044738,62.00135762044738
VAH28,10% power reduction during discharge,358,358,2,350,8,300,50,2302358.18407844,2326930.35464151,2746.23642959152,3020.37559421475,90.92367303098601,187.1074540036045,54.61836515493005,54.61836515493005
VAH28,10% power reduction during discharge,409,409,3,400,9,350,50,2653560.94071173,2678382.52751153,2715.91420249316,3020.37559421475,89.91975063284322,213.91026351359824,49.59875316421609,49.59875316421609
VAH28,10% power reduction during discharge,460,460,4,450,10,400,50,3009409.1309729,3034007.28190522,2690.85835412133,3020.37559421475,89.09018995105842,240.7263085411078,45.4509497552921,45.4509497552921
VAH28,10% power reduction during discharge,511,511,0,500,11,450,50,3369818.41393695,3394402.48486759,2648.97561507517,3020.37559421475,87.7035167463622,267.5976400198304,38.51758373181099,38.51758373181099
VAH28,10% power reduction during discharge,562,562,0,550,12,500,50,3735634.96719773,3760250.91176537,2627.75833614101,3020.37559421475,87.001045206902,294.57566659732953,35.00522603451003,35.00522603451003
VAH28,10% power reduction during discharge,613,613,1,600,13,550,50,4106505.71588255,4131301.26446893,2627.75833614101,3020.37559421475,87.001045206902,321.6338379581166,35.00522603451003,35.00522603451003
VAH28,10% power reduction during discharge,670,670,0,655,14,600,50,4517348.52147361,4542049.59205013,2590.5348120858,3020.37559421475,85.76863145920426,351.34921664522193,28.843157296021285,28.843157296021285
VAH28,10% power reduction during discharge,721,721,1,705,15,655,55,4899180.70730181,4924079.13589892,2590.5348120858,3020.37559421475,85.76863145920426,378.5798631623842,28.843157296021285,28.843157296021285
VAH28,10% power reduction during discharge,772,772,2,755,16,705,50,5287805.42086053,5312908.71385307,2570.11128201267,3020.37559421475,85.09243972622082,405.951689424762,25.462198631104087,25.462198631104087
VAH28,10% power reduction during discharge,824,824,0,805,17,755,50,5681881.90507679,5706885.62968488,2541.44032190698,3020.37559421475,84.143188243703,434.18976777592997,20.71594121851497,20.71594121851497
VAH28,10% power reduction during discharge,875,875,1,855,18,805,50,6081029.35071111,6105863.87730155,2541.44032190698,3020.37559421475,84.143188243703,461.5753852416792,20.71594121851497,20.71594121851497
VAH28,10% power reduction during discharge,926,926,2,905,19,855,50,6483351.34849247,6508231.44745841,2522.56042678838,3020.37559421475,83.51810389476432,489.02182028975886,17.590519473821615,17.590519473821615
VAH28,10% power reduction during discharge,977,977,0,955,20,905,50,6891780.69820252,6916710.97480295,2496.74124959147,3020.37559421475,82.66327056720188,516.6266745467468,13.316352836009386,13.316352836009386
VAH28,10% power reduction during discharge,1028,1028,1,1005,21,955,50,7303071.26910347,7328286.95773367,2496.74124959147,3020.37559421475,82.66327056720188,544.2520528051939,13.316352836009386,13.316352836009386
VAH28,10% power reduction during discharge,1080,1080,0,1055,22,1005,50,7719858.50658437,7744872.80784238,2467.22261971309,3020.37559421475,81.68595403958457,571.814086383542,8.429770197922863,8.429770197922863
VAH28,10% power reduction during discharge,1132,1132,0,1105,23,1055,50,8143316.11214006,8168191.99873482,2461.55078841071,3020.37559421475,81.49816841076264,600.4480897057643,7.490842053813225,7.490842053813225
VAH28,10% power reduction during discharge,1183,1183,1,1155,24,1105,50,8569058.67454847,8594090.10315945,2461.55078841071,3020.37559421475,81.49816841076264,627.9986721411713,7.490842053813225,7.490842053813225
VAH30,Thermal chamber temperature 35C,0,0,0,0,0,0,0,0.0,26854.4032755157,3138.29504761647,3138.29504761647,100.0,1.0,100.0,100.0
VAH30,Thermal chamber temperature 35C,51,51,1,50,1,0,0,317319.62583583,342035.382413884,3138.29504761647,3138.29504761647,100.0,29.032057507498013,100.0,100.0
VAH30,Thermal chamber temperature 35C,102,102,2,100,2,50,50,640451.019541057,664955.94609712,3047.1833455168,3138.29504761647,97.09677704877144,57.17177504023512,85.48388524385722,85.48388524385722
VAH30,Thermal chamber temperature 35C,153,153,3,150,3,100,50,973819.324314076,998254.076862819,2980.54269266817,3138.29504761647,94.97331026704728,85.4144976409903,74.86655133523641,74.86655133523641
VAH30,Thermal chamber temperature 35C,204,204,4,200,4,150,50,1316941.89210344,1341268.01100334,2905.4290284524,3138.29504761647,92.57985576146095,113.74998876536907,62.899278807304746,62.899278807304746
VAH30,Thermal chamber temperature 35C,255,255,0,250,5,200,50,1668363.21399604,1692661.86889266,2816.42419324265,3138.29504761647,89.74376693426959,142.17600777300282,48.718834671347935,48.718834671347935
VAH30,Thermal chamber temperature 35C,306,306,0,300,6,250,50,2029546.81076931,2053803.28729946,2780.75722282505,3138.29504761647,88.60725905733531,170.70595514085485,43.03629528667656,43.03629528667656
VAH30,Thermal chamber temperature 35C,357,357,1,350,7,300,50,2398882.35929401,2423164.45782683,2780.75722282505,3138.29504761647,88.60725905733531,199.34514635845315,43.03629528667656,43.03629528667656
VAH30,Thermal chamber temperature 35C,409,409,0,400,8,350,50,2776077.99137539,2800327.72790484,2713.54202458816,3138.29504761647,86.46548471116795,228.94185529589802,32.32742355583973,32.32742355583973
VAH30,Thermal chamber temperature 35C,460,460,1,450,9,400,50,3161507.60357883,3185756.47210818,2713.54202458816,3138.29504761647,86.46548471116795,257.7694372318854,32.32742355583973,32.32742355583973
VAH30,Thermal chamber temperature 35C,511,511,2,500,10,450,50,3553934.96173695,3578155.73262429,2682.24589776422,3138.29504761647,85.46825129783069,286.68758310513806,27.341256489153455,27.341256489153455
VAH30,Thermal chamber temperature 35C,562,562,0,550,11,500,50,3954504.37461733,3978773.76714882,2633.31114273562,3138.29504761647,83.90897295445868,315.68839149925884,19.54486477229338,19.54486477229338
VAH30,Thermal chamber temperature 35C,613,613,1,600,12,550,50,4359921.37290561,4384129.57943072,2633.31114273562,3138.29504761647,83.90897295445868,344.80095623154625,19.54486477229338,19.54486477229338
VAH30,Thermal chamber temperature 35C,664,664,2,650,13,600,50,4764180.77512126,4788388.02000698,2612.21895290918,3138.29504761647,83.23688223301872,374.0297081106345,16.184411165093593,16.184411165093593
VAH30,Thermal chamber temperature 35C,715,715,0,700,14,650,50,5174941.14306443,5198302.52550121,2548.57751677478,3138.29504761647,81.20898379871646,403.3431954438018,6.0449189935823,6.0449189935823
VAH30,Thermal chamber temperature 35C,766,766,1,750,15,700,50,5595663.78294921,5619927.27348009,2548.57751677478,3138.29504761647,81.20898379871646,432.75583518080373,6.0449189935823,6.0449189935823
VAH30,Thermal chamber temperature 35C,817,817,0,800,16,750,50,6021755.47101782,6046028.36548188,2525.39380782856,3138.29504761647,80.47024800127038,462.27731189725444,2.351240006351887,2.351240006351887
VAH30,Thermal chamber temperature 35C,869,869,0,850,17,800,50,6460892.08949235,6485274.50403563,2510.64150286762,3138.29504761647,80.00017413195258,492.6667752138836,0.0008706597628815871,0.0008706597628815871
VAH30,Thermal chamber temperature 35C,920,920,1,900,18,850,50,6900576.65335502,6925019.4059046,2510.64150286762,3138.29504761647,80.00017413195258,522.4040558748153,0.0008706597628815871,0.0008706597628815871
